PRAGMA foreign_keys=OFF;
BEGIN TRANSACTION;
CREATE TABLE subjects(
id INTEGER PRIMARY KEY,
code TEXT(6) NOT NULL UNIQUE,
name TEXT NOT NULL,
other_names TEXT);
INSERT INTO subjects VALUES(1,'ALEM','Alemán','ALE, ALEM');
INSERT INTO subjects VALUES(2,'ANMU','Análisis Musical','AMU, ANMU');
INSERT INTO subjects VALUES(3,'BIOL','Biología','BIO, BIOL');
INSERT INTO subjects VALUES(4,'CAST','Castellano','CAS, CAST');
INSERT INTO subjects VALUES(5,'CTM','Ciencias de la Tierra y Medio ambientales','CTM');
INSERT INTO subjects VALUES(6,'DART','Dibujo artístico','DAR, DART');
INSERT INTO subjects VALUES(7,'DISE','Diseño','DIS, DISE');
INSERT INTO subjects VALUES(8,'DITE','Dibujo Técnico','DTE, DITE');
INSERT INTO subjects VALUES(9,'ECO','Economía','ECO');
INSERT INTO subjects VALUES(10,'ELE','Electrotecnia','ELE');
INSERT INTO subjects VALUES(11,'FISI','Física','FIS, FISI');
INSERT INTO subjects VALUES(12,'FRAN','Francés','FRA, FRAN');
INSERT INTO subjects VALUES(13,'GEOG','Geografía','GEO, GEOG');
INSERT INTO subjects VALUES(14,'GRIE','Griego','GRI, GRIE');
INSERT INTO subjects VALUES(15,'HART','Historia del Arte','HAR, HART');
INSERT INTO subjects VALUES(16,'HESP','Historia de España','HES, HESP');
INSERT INTO subjects VALUES(17,'HFIL','Historia de la Filosofía','HFI, HFIL');
INSERT INTO subjects VALUES(18,'HMUS','Historia de la Música y la Danza','HMD, HMUS');
INSERT INTO subjects VALUES(19,'INGL','Inglés','ING, INGL');
INSERT INTO subjects VALUES(20,'ITAL','Italiano','ITA, ITAL');
INSERT INTO subjects VALUES(21,'LATI','Latín','LAT, LATI');
INSERT INTO subjects VALUES(22,'LIT','Literatura Universal','LIT');
INSERT INTO subjects VALUES(23,'LPM','Lenguaje y práctica musical','LPM');
INSERT INTO subjects VALUES(24,'MATE','Matemática','MAT, MATE');
INSERT INTO subjects VALUES(25,'MACS','Matemática Aplicadas a las Ciencias Social','MCS, MACS');
INSERT INTO subjects VALUES(26,'POR','Portugués','POR');
INSERT INTO subjects VALUES(27,'QUIM','Química','QUI, QUIM');
INSERT INTO subjects VALUES(28,'TEXP','Técnica de Expresión Graf-Plásticas','TEG, TEXP');
INSERT INTO subjects VALUES(29,'TIN','Tecnología','TIN');
INSERT INTO subjects VALUES(30,'VALE','Valenciano','VAL, VALE');
INSERT INTO subjects VALUES(31,'FAR','Fundamentos del Arte II/Fonaments de l''Art II','FAR');
INSERT INTO subjects VALUES(32,'ARES','Artes Escénicas','ARE, ARES');
INSERT INTO subjects VALUES(33,'CUA','Cultura audiovisual','CUA');
INSERT INTO subjects VALUES(34,'COTE','Coro y técnica vocal','COTE');
INSERT INTO subjects VALUES(35,'DTAP','Dibujo técnico aplicado a las artes plásticas y al diseño II','DTAP');
INSERT INTO subjects VALUES(36,'EMDI','Empresa y diseño de modelos de negocia','EMDI');
INSERT INTO subjects VALUES(37,'FUAR','Fundamentos Artísticos','FUAR');
INSERT INTO subjects VALUES(38,'GECA','Geologia','GEL, GECA');
INSERT INTO subjects VALUES(39,'LITE','Literatura dramática','LITE');
INSERT INTO subjects VALUES(40,'TEIN','Tecnología e ingeniería II','TEIN');
CREATE TABLE marks(
id INTEGER PRIMARY KEY,
subject_id INTEGER NOT NULL,
year INTEGER NOT NULL,
call INTEGER NOT NULL,
enrolled_total INTEGER NOT NULL,
candidates INTEGER NOT NULL,
pass INTEGER NOT NULL,
pass_percentatge REAL NOT NULL,
average REAL NOT NULL,
standard_dev REAL NOT NULL,
candidates_compulsory INTEGER NOT NULL,
pass_compulsory INTEGER NOT NULL,
candidates_optional INTEGER NOT NULL,
pass_optional INTEGER NOT NULL,
FOREIGN KEY(subject_id) REFERENCES subjects(id)
);
INSERT INTO marks VALUES(1,1,2010,0,19,19,18,94.7399999999999949,8.461000000000000298,1.229999999999999983,19,18,0,0);
INSERT INTO marks VALUES(2,4,2010,0,15714,15685,12038,76.75,6.033000000000000362,1.606999999999999985,15685,12038,0,0);
INSERT INTO marks VALUES(3,12,2010,0,309,309,279,90.29000000000000626,7.341000000000000191,1.782999999999999919,309,279,0,0);
INSERT INTO marks VALUES(4,16,2010,0,7162,7142,5993,83.90999999999999659,6.421000000000000262,1.608999999999999986,7142,5993,0,0);
INSERT INTO marks VALUES(5,17,2010,0,8552,8540,6731,78.81999999999999317,6.258000000000000007,1.816000000000000058,8540,6731,0,0);
INSERT INTO marks VALUES(6,19,2010,0,15367,15332,11434,74.5799999999999983,6.171999999999999709,1.794999999999999929,15332,11434,0,0);
INSERT INTO marks VALUES(7,20,2010,0,7,7,7,100.0,7.421000000000000262,1.465000000000000079,7,7,0,0);
INSERT INTO marks VALUES(8,26,2010,0,7,7,7,100.0,8.707000000000000739,1.149999999999999911,7,7,0,0);
INSERT INTO marks VALUES(9,30,2010,0,14227,14195,11002,77.51000000000000511,6.05799999999999983,1.570000000000000062,14195,11002,0,0);
INSERT INTO marks VALUES(10,2,2010,0,76,61,31,50.82000000000000028,5.115000000000000213,2.491999999999999993,12,11,49,20);
INSERT INTO marks VALUES(11,3,2010,0,4453,4367,3469,79.43999999999999773,6.44200000000000017,1.899999999999999912,1128,861,3239,2608);
INSERT INTO marks VALUES(12,5,2010,0,3272,3199,2216,69.26999999999999603,5.759999999999999787,1.810000000000000053,1201,884,1998,1332);
INSERT INTO marks VALUES(13,6,2010,0,449,426,411,96.4800000000000039,7.177999999999999937,1.407000000000000028,177,174,249,237);
INSERT INTO marks VALUES(14,7,2010,0,235,223,208,93.2699999999999961,6.657000000000000028,1.417999999999999928,38,34,185,174);
INSERT INTO marks VALUES(15,8,2010,0,2587,2532,1912,75.51000000000000511,6.652999999999999581,2.37300000000000022,662,505,1870,1407);
INSERT INTO marks VALUES(16,9,2010,0,4295,4152,3172,76.40000000000000569,6.206000000000000405,2.092000000000000081,1236,1012,2916,2160);
INSERT INTO marks VALUES(17,10,2010,0,28,24,13,54.1700000000000017,5.568999999999999951,2.366000000000000103,3,2,21,11);
INSERT INTO marks VALUES(18,11,2010,0,3850,3734,2248,60.20000000000000284,5.379999999999999894,2.369000000000000216,1156,733,2578,1515);
INSERT INTO marks VALUES(19,13,2010,0,5389,5253,3599,68.51000000000000511,5.600999999999999979,1.786000000000000031,1913,1362,3340,2237);
INSERT INTO marks VALUES(20,14,2010,0,1108,1090,874,80.18000000000000683,6.87300000000000022,2.330999999999999961,287,230,803,644);
INSERT INTO marks VALUES(21,15,2010,0,3254,3144,2438,77.54000000000000626,6.076999999999999958,1.947000000000000063,957,782,2187,1656);
INSERT INTO marks VALUES(22,18,2010,0,59,49,39,79.59000000000000341,6.950999999999999624,2.459000000000000074,10,8,39,31);
INSERT INTO marks VALUES(23,21,2010,0,2451,2421,1972,81.45000000000000284,6.344000000000000305,1.699999999999999956,1035,865,1386,1107);
INSERT INTO marks VALUES(24,22,2010,0,1535,1498,1144,76.37000000000000454,6.107000000000000206,1.897000000000000019,404,330,1094,814);
INSERT INTO marks VALUES(25,23,2010,0,281,241,180,74.68999999999999773,6.064000000000000056,1.87599999999999989,34,27,207,153);
INSERT INTO marks VALUES(26,24,2010,0,4604,4499,2352,52.28000000000000113,5.020999999999999908,2.076999999999999958,1724,902,2775,1450);
INSERT INTO marks VALUES(27,25,2010,0,4692,4605,2624,56.97999999999999688,5.31700000000000017,2.51200000000000001,1781,1040,2824,1584);
INSERT INTO marks VALUES(28,27,2010,0,5334,5246,3817,72.76000000000000511,6.030000000000000248,2.028000000000000024,1757,1238,3489,2579);
INSERT INTO marks VALUES(29,28,2010,0,313,309,305,98.7099999999999938,7.198999999999999844,1.239999999999999992,47,47,262,258);
INSERT INTO marks VALUES(30,29,2010,0,504,486,432,88.89000000000000056,7.171000000000000262,1.74900000000000011,112,108,374,324);
INSERT INTO marks VALUES(31,1,2010,1,1,1,1,100.0,6.600999999999999979,0.0,1,1,0,0);
INSERT INTO marks VALUES(32,4,2010,1,3903,3884,2286,58.85999999999999944,5.169999999999999929,1.497999999999999999,3884,2286,0,0);
INSERT INTO marks VALUES(33,12,2010,1,77,75,66,88.0,6.857000000000000206,1.687999999999999945,75,66,0,0);
INSERT INTO marks VALUES(34,16,2010,1,1663,1659,1123,67.68999999999999773,5.496999999999999887,1.622999999999999999,1659,1123,0,0);
INSERT INTO marks VALUES(35,17,2010,1,2240,2223,1607,72.29000000000000626,5.714999999999999858,1.76200000000000001,2223,1607,0,0);
INSERT INTO marks VALUES(36,19,2010,1,3818,3794,1833,48.31000000000000227,4.924999999999999823,1.772000000000000019,3794,1833,0,0);
INSERT INTO marks VALUES(37,20,2010,1,2,2,2,100.0,6.825000000000000177,0.5749999999999999556,2,2,0,0);
INSERT INTO marks VALUES(38,26,2010,1,2,2,1,50.0,5.375,1.375,2,1,0,0);
INSERT INTO marks VALUES(39,30,2010,1,3430,3405,2067,60.70000000000000284,5.277999999999999581,1.465000000000000079,3405,2067,0,0);
INSERT INTO marks VALUES(40,2,2010,1,19,15,5,33.3299999999999983,3.592999999999999972,1.840000000000000079,6,2,9,3);
INSERT INTO marks VALUES(41,3,2010,1,807,768,490,63.79999999999999716,5.461000000000000298,2.160000000000000143,225,146,543,344);
INSERT INTO marks VALUES(42,5,2010,1,704,672,404,60.11999999999999745,5.237000000000000099,1.780000000000000026,260,170,412,234);
INSERT INTO marks VALUES(43,6,2010,1,186,181,174,96.1299999999999955,6.924999999999999823,1.425000000000000044,90,89,91,85);
INSERT INTO marks VALUES(44,7,2010,1,109,104,95,91.34999999999999431,6.062000000000000277,1.399000000000000021,12,8,92,87);
INSERT INTO marks VALUES(45,8,2010,1,508,494,237,47.97999999999999688,4.608999999999999986,1.895999999999999908,132,78,362,159);
INSERT INTO marks VALUES(46,9,2010,1,1239,1159,357,30.80000000000000071,3.599000000000000198,1.965000000000000079,330,136,829,221);
INSERT INTO marks VALUES(47,10,2010,1,5,3,2,66.6700000000000017,4.09700000000000042,2.423999999999999933,2,1,1,1);
INSERT INTO marks VALUES(48,11,2010,1,639,599,167,27.87999999999999901,3.629000000000000003,2.065999999999999836,160,51,439,116);
INSERT INTO marks VALUES(49,13,2010,1,1701,1642,702,42.75,4.392999999999999794,1.739000000000000101,599,282,1043,420);
INSERT INTO marks VALUES(50,14,2010,1,241,232,176,75.85999999999999944,5.93499999999999961,2.310000000000000053,62,56,170,120);
INSERT INTO marks VALUES(51,15,2010,1,1012,960,596,62.0799999999999983,5.068999999999999951,2.036000000000000031,332,224,628,372);
INSERT INTO marks VALUES(52,18,2010,1,10,10,3,30.0,3.834999999999999965,1.729999999999999983,5,2,5,1);
INSERT INTO marks VALUES(53,21,2010,1,610,583,244,41.85000000000000142,4.62899999999999956,1.645000000000000017,265,116,318,128);
INSERT INTO marks VALUES(54,22,2010,1,436,406,260,64.04000000000000626,5.203000000000000291,1.739000000000000101,96,62,310,198);
INSERT INTO marks VALUES(55,23,2010,1,59,56,35,62.5,5.277000000000000135,1.600000000000000088,8,6,48,29);
INSERT INTO marks VALUES(56,24,2010,1,807,777,347,44.65999999999999658,4.399000000000000021,2.017999999999999793,325,157,452,190);
INSERT INTO marks VALUES(57,25,2010,1,1446,1401,411,29.33999999999999986,3.612000000000000099,2.204000000000000182,598,189,803,222);
INSERT INTO marks VALUES(58,27,2010,1,957,923,320,34.6700000000000017,4.152000000000000135,2.190999999999999836,313,109,610,211);
INSERT INTO marks VALUES(59,28,2010,1,150,147,144,97.9599999999999938,6.788000000000000255,1.225999999999999979,26,26,121,118);
INSERT INTO marks VALUES(60,29,2010,1,83,77,71,92.20999999999999374,6.788000000000000255,1.685999999999999944,24,22,53,49);
INSERT INTO marks VALUES(61,1,2010,2,20,20,19,95.0,8.368000000000000326,1.264999999999999903,20,19,0,0);
INSERT INTO marks VALUES(62,4,2010,2,19623,19575,14327,73.18999999999999773,5.860999999999999766,1.622999999999999999,19575,14327,0,0);
INSERT INTO marks VALUES(63,12,2010,2,386,384,345,89.84000000000000341,7.246999999999999887,1.774999999999999912,384,345,0,0);
INSERT INTO marks VALUES(64,16,2010,2,8825,8801,7116,80.84999999999999431,6.246999999999999887,1.651999999999999913,8801,7116,0,0);
INSERT INTO marks VALUES(65,17,2010,2,10798,10769,8341,77.45000000000000284,6.144999999999999574,1.81800000000000006,10769,8341,0,0);
INSERT INTO marks VALUES(66,19,2010,2,19191,19132,13272,69.37000000000000454,5.924999999999999823,1.858000000000000095,19132,13272,0,0);
INSERT INTO marks VALUES(67,20,2010,2,9,9,9,100.0,7.288999999999999702,1.342999999999999972,9,9,0,0);
INSERT INTO marks VALUES(68,26,2010,2,9,9,8,88.89000000000000056,7.966999999999999638,1.834999999999999965,9,8,0,0);
INSERT INTO marks VALUES(69,30,2010,2,17662,17605,13074,74.26000000000000511,5.907000000000000028,1.580000000000000071,17605,13074,0,0);
INSERT INTO marks VALUES(70,2,2010,2,95,76,36,47.36999999999999745,4.814000000000000056,2.454000000000000181,18,13,58,23);
INSERT INTO marks VALUES(71,3,2010,2,5263,5138,3960,77.06999999999999317,6.293999999999999595,1.973999999999999977,1354,1008,3784,2952);
INSERT INTO marks VALUES(72,5,2010,2,3978,3873,2622,67.70000000000000284,5.668999999999999595,1.814999999999999947,1461,1054,2412,1568);
INSERT INTO marks VALUES(73,6,2010,2,635,607,585,96.3799999999999955,7.102000000000000312,1.417000000000000037,267,263,340,322);
INSERT INTO marks VALUES(74,7,2010,2,344,327,303,92.6599999999999966,6.467999999999999972,1.439000000000000056,50,42,277,261);
INSERT INTO marks VALUES(75,8,2010,2,3096,3027,2150,71.03000000000000113,6.320000000000000284,2.423000000000000042,794,583,2233,1567);
INSERT INTO marks VALUES(76,9,2010,2,5535,5312,3529,66.43000000000000683,5.636999999999999567,2.329000000000000181,1566,1148,3746,2381);
INSERT INTO marks VALUES(77,10,2010,2,33,27,15,55.56000000000000227,5.405000000000000248,2.416999999999999816,5,3,22,12);
INSERT INTO marks VALUES(78,11,2010,2,4490,4334,2416,55.75,5.137999999999999901,2.406000000000000138,1317,785,3017,1631);
INSERT INTO marks VALUES(79,13,2010,2,7092,6897,4304,62.39999999999999858,5.314000000000000056,1.848000000000000087,2514,1647,4383,2657);
INSERT INTO marks VALUES(80,14,2010,2,1349,1322,1050,79.43000000000000683,6.708000000000000184,2.354000000000000092,349,286,973,764);
INSERT INTO marks VALUES(81,15,2010,2,4267,4105,3035,73.93000000000000683,5.841999999999999638,2.01399999999999979,1289,1006,2816,2029);
INSERT INTO marks VALUES(82,18,2010,2,69,59,42,71.18999999999999773,6.423000000000000042,2.62599999999999989,15,10,44,32);
INSERT INTO marks VALUES(83,21,2010,2,3062,3005,2217,73.78000000000000113,6.011999999999999567,1.820999999999999953,1300,981,1705,1236);
INSERT INTO marks VALUES(84,22,2010,2,1971,1904,1404,73.73999999999999489,5.913999999999999702,1.901000000000000023,500,392,1404,1012);
INSERT INTO marks VALUES(85,23,2010,2,340,297,215,72.39000000000000056,5.915000000000000035,1.852999999999999981,42,33,255,182);
INSERT INTO marks VALUES(86,24,2010,2,5414,5279,2700,51.14999999999999858,4.92900000000000027,2.080000000000000071,2050,1059,3229,1641);
INSERT INTO marks VALUES(87,25,2010,2,6139,6007,3035,50.52000000000000312,4.918999999999999595,2.547000000000000152,2379,1229,3628,1806);
INSERT INTO marks VALUES(88,27,2010,2,6294,6172,4138,67.04000000000000626,5.748999999999999667,2.158999999999999808,2071,1348,4101,2790);
INSERT INTO marks VALUES(89,28,2010,2,463,456,449,98.4599999999999938,7.065999999999999837,1.25,73,73,383,376);
INSERT INTO marks VALUES(90,29,2010,2,587,563,503,89.34000000000000341,7.118000000000000326,1.745000000000000106,136,130,427,373);
INSERT INTO marks VALUES(91,1,2011,0,25,25,25,100.0,8.707000000000000739,1.070999999999999953,25,25,0,0);
INSERT INTO marks VALUES(92,4,2011,0,16388,16359,11660,71.28000000000000113,5.785999999999999588,1.639999999999999903,16359,11660,0,0);
INSERT INTO marks VALUES(93,12,2011,0,369,367,347,94.5499999999999972,7.538000000000000255,1.530000000000000026,367,347,0,0);
INSERT INTO marks VALUES(94,16,2011,0,7560,7546,5820,77.12999999999999546,6.166000000000000369,1.768999999999999906,7546,5820,0,0);
INSERT INTO marks VALUES(95,17,2011,0,8828,8811,7508,85.20999999999999374,6.564000000000000056,1.645999999999999908,8811,7508,0,0);
INSERT INTO marks VALUES(96,19,2011,0,15971,15937,12675,79.53000000000000113,6.447000000000000063,1.812999999999999945,15937,12675,0,0);
INSERT INTO marks VALUES(97,20,2011,0,9,9,9,100.0,8.089000000000000412,1.51200000000000001,9,9,0,0);
INSERT INTO marks VALUES(98,26,2011,0,10,10,9,90.0,7.514999999999999681,1.643999999999999906,10,9,0,0);
INSERT INTO marks VALUES(99,30,2011,0,14812,14779,11077,74.95000000000000284,5.967999999999999972,1.582000000000000072,14779,11077,0,0);
INSERT INTO marks VALUES(100,2,2011,0,104,88,42,47.72999999999999688,4.379999999999999894,2.398000000000000131,17,12,71,30);
INSERT INTO marks VALUES(101,3,2011,0,5180,5041,4240,84.10999999999999944,6.899000000000000021,2.041999999999999815,701,566,4340,3674);
INSERT INTO marks VALUES(102,5,2011,0,3111,3016,2648,87.79999999999999716,6.839000000000000412,1.659999999999999921,1921,1753,1095,895);
INSERT INTO marks VALUES(103,6,2011,0,558,524,503,95.9899999999999949,7.238000000000000433,1.518999999999999906,204,198,320,305);
INSERT INTO marks VALUES(104,7,2011,0,367,348,322,92.5300000000000011,6.850999999999999979,1.570999999999999953,42,40,306,282);
INSERT INTO marks VALUES(105,8,2011,0,2676,2584,1767,68.37999999999999546,5.972000000000000419,2.16800000000000015,533,375,2051,1392);
INSERT INTO marks VALUES(106,9,2011,0,5535,5392,3871,71.79000000000000626,5.990000000000000213,2.108000000000000095,1359,946,4033,2925);
INSERT INTO marks VALUES(107,10,2011,0,129,105,42,40.0,4.097999999999999865,2.644000000000000127,9,7,96,35);
INSERT INTO marks VALUES(108,11,2011,0,4013,3879,2520,64.96999999999999887,5.681000000000000049,2.383000000000000007,1117,731,2762,1789);
INSERT INTO marks VALUES(109,13,2011,0,6776,6564,5250,79.98000000000000397,6.142000000000000348,1.703000000000000069,2352,1925,4212,3325);
INSERT INTO marks VALUES(110,14,2011,0,1144,1132,878,77.56000000000000227,6.541999999999999816,2.36399999999999988,252,181,880,697);
INSERT INTO marks VALUES(111,15,2011,0,3880,3730,2958,79.29999999999999716,6.25199999999999978,1.846999999999999976,1190,977,2540,1981);
INSERT INTO marks VALUES(112,18,2011,0,94,88,65,73.85999999999999944,6.474999999999999645,2.31800000000000006,29,23,59,42);
INSERT INTO marks VALUES(113,21,2011,0,2470,2427,1940,79.93000000000000683,6.564000000000000056,2.017999999999999793,848,655,1579,1285);
INSERT INTO marks VALUES(114,22,2011,0,2365,2298,1683,73.23999999999999489,5.88600000000000012,2.089999999999999857,732,548,1566,1135);
INSERT INTO marks VALUES(115,23,2011,0,343,314,271,86.31000000000000227,6.871999999999999887,1.754999999999999894,77,73,237,198);
INSERT INTO marks VALUES(116,24,2011,0,5153,5003,3833,76.60999999999999944,6.509999999999999787,2.338000000000000078,1806,1380,3197,2453);
INSERT INTO marks VALUES(117,25,2011,0,5721,5564,4216,75.76999999999999603,6.629999999999999894,2.559000000000000163,1672,1262,3892,2954);
INSERT INTO marks VALUES(118,27,2011,0,5759,5649,3521,62.3299999999999983,5.508000000000000007,2.176000000000000157,1252,719,4397,2802);
INSERT INTO marks VALUES(119,28,2011,0,411,393,373,94.9099999999999966,7.171999999999999709,1.483000000000000095,69,66,324,307);
INSERT INTO marks VALUES(120,29,2011,0,696,656,588,89.62999999999999546,6.990999999999999659,1.701999999999999958,155,149,501,439);
INSERT INTO marks VALUES(121,1,2011,1,5,5,5,100.0,8.519999999999999574,1.070000000000000062,5,5,0,0);
INSERT INTO marks VALUES(122,4,2011,1,3709,3698,1656,44.78000000000000113,4.666999999999999816,1.403999999999999915,3698,1656,0,0);
INSERT INTO marks VALUES(123,12,2011,1,102,101,84,83.1700000000000017,6.525999999999999802,1.731000000000000094,101,84,0,0);
INSERT INTO marks VALUES(124,16,2011,1,1629,1625,1149,70.70999999999999374,5.700000000000000177,1.683999999999999942,1625,1149,0,0);
INSERT INTO marks VALUES(125,17,2011,1,2080,2074,1303,62.8299999999999983,5.262999999999999901,1.786999999999999922,2074,1303,0,0);
INSERT INTO marks VALUES(126,19,2011,1,3593,3580,2169,60.59000000000000341,5.389999999999999681,1.703000000000000069,3580,2169,0,0);
INSERT INTO marks VALUES(127,20,2011,1,4,4,3,75.0,5.562999999999999723,2.321000000000000174,4,3,0,0);
INSERT INTO marks VALUES(128,26,2011,1,3,3,3,100.0,8.050000000000000711,2.161000000000000031,3,3,0,0);
INSERT INTO marks VALUES(129,30,2011,1,3261,3248,1942,59.78999999999999915,5.211000000000000298,1.403000000000000024,3248,1942,0,0);
INSERT INTO marks VALUES(130,2,2011,1,21,14,4,28.57000000000000028,3.36399999999999988,1.616999999999999993,2,1,12,3);
INSERT INTO marks VALUES(131,3,2011,1,798,760,439,57.75999999999999802,5.198000000000000397,2.003000000000000113,200,105,560,334);
INSERT INTO marks VALUES(132,5,2011,1,526,495,343,69.29000000000000626,5.519999999999999574,1.60200000000000009,228,158,267,185);
INSERT INTO marks VALUES(133,6,2011,1,174,169,150,88.76000000000000511,6.597000000000000419,1.520000000000000017,80,74,89,76);
INSERT INTO marks VALUES(134,7,2011,1,142,138,122,88.40999999999999659,6.536999999999999922,1.435000000000000053,24,22,114,100);
INSERT INTO marks VALUES(135,8,2011,1,489,464,212,45.68999999999999773,4.706000000000000405,2.245999999999999997,127,52,337,160);
INSERT INTO marks VALUES(136,9,2011,1,1221,1159,499,43.04999999999999715,4.269000000000000127,1.99900000000000011,350,161,809,338);
INSERT INTO marks VALUES(137,10,2011,1,15,10,3,30.0,3.221999999999999976,1.870000000000000106,3,1,7,2);
INSERT INTO marks VALUES(138,11,2011,1,724,684,230,33.63000000000000255,3.831999999999999851,2.214999999999999857,182,71,502,159);
INSERT INTO marks VALUES(139,13,2011,1,1660,1595,1028,64.45000000000000284,5.24800000000000022,1.729999999999999983,584,365,1011,663);
INSERT INTO marks VALUES(140,14,2011,1,242,236,158,66.95000000000000284,5.437000000000000277,2.185999999999999944,77,47,159,111);
INSERT INTO marks VALUES(141,15,2011,1,1021,978,608,62.1700000000000017,5.161999999999999922,1.923000000000000042,314,208,664,400);
INSERT INTO marks VALUES(142,18,2011,1,22,18,6,33.3299999999999983,3.979000000000000092,1.961000000000000076,8,3,10,3);
INSERT INTO marks VALUES(143,21,2011,1,546,526,326,61.97999999999999688,5.198000000000000397,2.044000000000000039,204,135,322,191);
INSERT INTO marks VALUES(144,22,2011,1,479,458,303,66.15999999999999659,5.419999999999999929,1.733000000000000095,146,96,312,207);
INSERT INTO marks VALUES(145,23,2011,1,65,61,40,65.56999999999999317,5.266000000000000014,1.600999999999999979,17,11,44,29);
INSERT INTO marks VALUES(146,24,2011,1,902,878,247,28.12999999999999901,3.412999999999999812,2.209999999999999965,355,88,523,159);
INSERT INTO marks VALUES(147,25,2011,1,1314,1271,560,44.06000000000000227,4.418000000000000149,2.270000000000000017,498,227,773,333);
INSERT INTO marks VALUES(148,27,2011,1,936,889,358,40.27000000000000313,4.240000000000000213,2.319999999999999841,236,82,653,276);
INSERT INTO marks VALUES(149,28,2011,1,143,139,132,94.9599999999999938,7.049999999999999823,1.318999999999999951,20,20,119,112);
INSERT INTO marks VALUES(150,29,2011,1,129,122,97,79.51000000000000511,6.360000000000000319,1.677999999999999937,36,29,86,68);
INSERT INTO marks VALUES(151,1,2011,2,30,30,30,100.0,8.676000000000000156,1.074000000000000066,30,30,0,0);
INSERT INTO marks VALUES(152,4,2011,2,20097,20057,13316,66.39000000000000056,5.578999999999999738,1.657000000000000028,20057,13316,0,0);
INSERT INTO marks VALUES(153,12,2011,2,471,468,431,92.09000000000000341,7.318999999999999951,1.629999999999999894,468,431,0,0);
INSERT INTO marks VALUES(154,16,2011,2,9189,9171,6969,75.98999999999999489,6.083000000000000184,1.762999999999999901,9171,6969,0,0);
INSERT INTO marks VALUES(155,17,2011,2,10908,10885,8811,80.95000000000000284,6.315999999999999837,1.75,10885,8811,0,0);
INSERT INTO marks VALUES(156,19,2011,2,19564,19517,14844,76.06000000000000227,6.253000000000000113,1.838999999999999969,19517,14844,0,0);
INSERT INTO marks VALUES(157,20,2011,2,13,13,12,92.3100000000000022,7.312000000000000277,2.145000000000000017,13,12,0,0);
INSERT INTO marks VALUES(158,26,2011,2,13,13,12,92.3100000000000022,7.637999999999999901,1.790999999999999926,13,12,0,0);
INSERT INTO marks VALUES(159,30,2011,2,18073,18027,13019,72.21999999999999887,5.831999999999999851,1.57899999999999996,18027,13019,0,0);
INSERT INTO marks VALUES(160,2,2011,2,125,102,46,45.10000000000000142,4.240000000000000213,2.333000000000000184,19,13,83,33);
INSERT INTO marks VALUES(161,3,2011,2,5978,5801,4679,80.65999999999999659,6.676000000000000156,2.116000000000000103,901,671,4900,4008);
INSERT INTO marks VALUES(162,5,2011,2,3637,3511,2991,85.18999999999999773,6.652999999999999581,1.715000000000000079,2149,1911,1362,1080);
INSERT INTO marks VALUES(163,6,2011,2,732,693,653,94.2300000000000039,7.081999999999999851,1.544000000000000039,284,272,409,381);
INSERT INTO marks VALUES(164,7,2011,2,509,486,444,91.35999999999999944,6.761999999999999567,1.540000000000000035,66,62,420,382);
INSERT INTO marks VALUES(165,8,2011,2,3165,3048,1979,64.93000000000000683,5.778999999999999915,2.226999999999999868,660,427,2388,1552);
INSERT INTO marks VALUES(166,9,2011,2,6756,6551,4370,66.70999999999999374,5.685999999999999944,2.189999999999999947,1709,1107,4842,3263);
INSERT INTO marks VALUES(167,10,2011,2,144,115,45,39.13000000000000255,4.022000000000000241,2.597999999999999865,12,8,103,37);
INSERT INTO marks VALUES(168,11,2011,2,4737,4563,2750,60.27000000000000312,5.403999999999999915,2.450000000000000177,1299,802,3264,1948);
INSERT INTO marks VALUES(169,13,2011,2,8436,8159,6278,76.95000000000000284,5.966999999999999638,1.745000000000000106,2936,2290,5223,3988);
INSERT INTO marks VALUES(170,14,2011,2,1386,1368,1036,75.73000000000000397,6.350999999999999979,2.370999999999999997,329,228,1039,808);
INSERT INTO marks VALUES(171,15,2011,2,4901,4708,3566,75.73999999999999489,6.025999999999999802,1.915000000000000035,1504,1185,3204,2381);
INSERT INTO marks VALUES(172,18,2011,2,116,106,71,66.98000000000000397,6.051000000000000156,2.447999999999999954,37,26,69,45);
INSERT INTO marks VALUES(173,21,2011,2,3016,2953,2266,76.73999999999999489,6.32099999999999973,2.088999999999999969,1052,790,1901,1476);
INSERT INTO marks VALUES(174,22,2011,2,2844,2756,1986,72.06000000000000227,5.809000000000000163,2.04300000000000015,878,644,1878,1342);
INSERT INTO marks VALUES(175,23,2011,2,408,375,311,82.93000000000000683,6.610000000000000319,1.82899999999999996,94,84,281,227);
INSERT INTO marks VALUES(176,24,2011,2,6055,5881,4080,69.37999999999999546,6.048000000000000042,2.56800000000000006,2161,1468,3720,2612);
INSERT INTO marks VALUES(177,25,2011,2,7035,6835,4776,69.87999999999999546,6.219000000000000305,2.650999999999999802,2170,1489,4665,3287);
INSERT INTO marks VALUES(178,27,2011,2,6695,6538,3879,59.3299999999999983,5.334999999999999965,2.23799999999999999,1488,801,5050,3078);
INSERT INTO marks VALUES(179,28,2011,2,554,532,505,94.9200000000000017,7.139999999999999681,1.44300000000000006,89,86,443,419);
INSERT INTO marks VALUES(180,29,2011,2,825,778,685,88.04999999999999716,6.892000000000000348,1.713999999999999969,191,178,587,507);
INSERT INTO marks VALUES(181,1,2012,0,17,17,17,100.0,8.756000000000000227,0.8810000000000000053,17,17,0,0);
INSERT INTO marks VALUES(182,4,2012,0,16724,16686,12251,73.4200000000000017,5.875,1.657000000000000028,16686,12251,0,0);
INSERT INTO marks VALUES(183,12,2012,0,408,408,399,97.7900000000000062,7.788000000000000255,1.495999999999999997,408,399,0,0);
INSERT INTO marks VALUES(184,16,2012,0,7144,7132,5899,82.70999999999999374,6.509000000000000341,1.796999999999999931,7132,5899,0,0);
INSERT INTO marks VALUES(185,17,2012,0,9580,9553,7597,79.51999999999999603,6.352000000000000312,1.84099999999999997,9553,7597,0,0);
INSERT INTO marks VALUES(186,19,2012,0,16275,16233,12291,75.71999999999999887,6.262999999999999901,1.87599999999999989,16233,12291,0,0);
INSERT INTO marks VALUES(187,20,2012,0,12,12,11,91.6700000000000017,7.104000000000000092,1.435999999999999944,12,11,0,0);
INSERT INTO marks VALUES(188,26,2012,0,8,8,8,100.0,8.718999999999999417,1.038999999999999923,8,8,0,0);
INSERT INTO marks VALUES(189,30,2012,0,15004,14965,11037,73.75,5.956000000000000405,1.651000000000000023,14965,11037,0,0);
INSERT INTO marks VALUES(190,2,2012,0,105,93,36,38.71000000000000085,4.203000000000000292,2.491000000000000103,16,6,77,30);
INSERT INTO marks VALUES(191,3,2012,0,5485,5296,4129,77.95999999999999374,6.448000000000000397,2.103000000000000203,586,434,4710,3695);
INSERT INTO marks VALUES(192,5,2012,0,3176,3085,2618,84.85999999999999944,6.610999999999999766,1.745000000000000106,2368,2112,717,506);
INSERT INTO marks VALUES(193,6,2012,0,543,516,491,95.1599999999999966,7.152000000000000135,1.451999999999999958,211,204,305,287);
INSERT INTO marks VALUES(194,7,2012,0,455,437,387,88.56000000000000227,6.578999999999999738,1.538000000000000033,93,77,344,310);
INSERT INTO marks VALUES(195,8,2012,0,2635,2552,2157,84.51999999999999603,7.219000000000000305,2.214999999999999857,549,455,2003,1702);
INSERT INTO marks VALUES(196,9,2012,0,5745,5624,4335,77.0799999999999983,6.158999999999999809,1.953000000000000069,1505,1119,4119,3216);
INSERT INTO marks VALUES(197,10,2012,0,149,133,104,78.20000000000000284,6.55999999999999961,2.334000000000000074,13,11,120,93);
INSERT INTO marks VALUES(198,11,2012,0,4170,3925,1920,48.9200000000000017,4.738000000000000433,2.399999999999999912,879,382,3046,1538);
INSERT INTO marks VALUES(199,13,2012,0,6635,6447,4916,76.25,6.086999999999999745,1.852999999999999981,2040,1598,4407,3318);
INSERT INTO marks VALUES(200,14,2012,0,1164,1138,951,83.56999999999999317,6.905999999999999695,2.20699999999999985,335,273,803,678);
INSERT INTO marks VALUES(201,15,2012,0,3709,3558,2824,79.37000000000000454,6.197000000000000063,1.925000000000000044,1354,1118,2204,1706);
INSERT INTO marks VALUES(202,18,2012,0,122,112,74,66.06999999999999317,6.043000000000000149,2.379999999999999894,54,36,58,38);
INSERT INTO marks VALUES(203,21,2012,0,2448,2411,1967,81.5799999999999983,6.487000000000000099,1.895999999999999908,829,664,1582,1303);
INSERT INTO marks VALUES(204,22,2012,0,2408,2314,1754,75.79999999999999716,6.073000000000000397,1.917999999999999928,845,647,1469,1107);
INSERT INTO marks VALUES(205,23,2012,0,456,427,400,93.6800000000000069,7.137999999999999901,1.42100000000000004,210,205,217,195);
INSERT INTO marks VALUES(206,24,2012,0,5713,5561,4017,72.23999999999999489,6.203999999999999738,2.444999999999999841,1576,1124,3985,2893);
INSERT INTO marks VALUES(207,25,2012,0,6220,6076,3875,63.78000000000000113,5.673000000000000042,2.640000000000000124,1851,1208,4225,2667);
INSERT INTO marks VALUES(208,27,2012,0,6068,5916,4779,80.78000000000000113,6.660000000000000142,2.11399999999999988,1129,918,4787,3861);
INSERT INTO marks VALUES(209,28,2012,0,430,419,407,97.1400000000000005,7.285999999999999588,1.441000000000000058,62,61,357,346);
INSERT INTO marks VALUES(210,29,2012,0,786,726,667,91.87000000000000454,7.336000000000000298,1.62599999999999989,169,159,557,508);
INSERT INTO marks VALUES(211,1,2012,1,1,1,1,100.0,9.002000000000000668,0.0,1,1,0,0);
INSERT INTO marks VALUES(212,4,2012,1,3505,3481,1847,53.06000000000000227,4.894000000000000127,1.399999999999999912,3481,1847,0,0);
INSERT INTO marks VALUES(213,12,2012,1,80,80,71,88.75,6.748999999999999667,1.669000000000000039,80,71,0,0);
INSERT INTO marks VALUES(214,16,2012,1,1490,1479,779,52.6700000000000017,4.862000000000000099,1.931000000000000049,1479,779,0,0);
INSERT INTO marks VALUES(215,17,2012,1,2015,2001,1416,70.76000000000000511,5.673000000000000042,1.812000000000000055,2001,1416,0,0);
INSERT INTO marks VALUES(216,19,2012,1,3416,3385,2046,60.43999999999999773,5.442999999999999617,1.907999999999999919,3385,2046,0,0);
INSERT INTO marks VALUES(217,20,2012,1,4,4,3,75.0,5.488000000000000433,2.427000000000000046,4,3,0,0);
INSERT INTO marks VALUES(218,26,2012,1,3,3,3,100.0,8.25,1.13700000000000001,3,3,0,0);
INSERT INTO marks VALUES(219,30,2012,1,3047,3021,1864,61.70000000000000284,5.301999999999999603,1.493999999999999995,3021,1864,0,0);
INSERT INTO marks VALUES(220,2,2012,1,19,18,8,44.43999999999999773,4.387999999999999901,2.350999999999999979,6,2,12,6);
INSERT INTO marks VALUES(221,3,2012,1,820,774,420,54.25999999999999802,5.024000000000000021,2.318999999999999951,133,64,641,356);
INSERT INTO marks VALUES(222,5,2012,1,495,480,296,61.6700000000000017,5.299000000000000376,1.487000000000000099,323,208,157,88);
INSERT INTO marks VALUES(223,6,2012,1,134,130,114,87.68999999999999773,6.649000000000000021,1.677999999999999937,73,65,57,49);
INSERT INTO marks VALUES(224,7,2012,1,92,89,80,89.89000000000000056,6.653999999999999915,1.544000000000000039,14,11,75,69);
INSERT INTO marks VALUES(225,8,2012,1,467,449,210,46.77000000000000312,4.55799999999999983,2.004000000000000003,112,42,337,168);
INSERT INTO marks VALUES(226,9,2012,1,1244,1178,657,55.77000000000000312,4.889000000000000234,1.911999999999999922,388,204,790,453);
INSERT INTO marks VALUES(227,10,2012,1,34,30,11,36.6700000000000017,4.025999999999999802,2.334000000000000074,6,3,24,8);
INSERT INTO marks VALUES(228,11,2012,1,681,626,262,41.85000000000000142,4.118000000000000327,2.182999999999999829,150,57,476,205);
INSERT INTO marks VALUES(229,13,2012,1,1501,1436,939,65.39000000000000056,5.288999999999999702,1.820000000000000062,428,276,1008,663);
INSERT INTO marks VALUES(230,14,2012,1,252,238,165,69.3299999999999983,5.378000000000000113,2.129999999999999894,72,54,166,111);
INSERT INTO marks VALUES(231,15,2012,1,857,808,504,62.38000000000000255,5.073000000000000397,1.790999999999999926,300,195,508,309);
INSERT INTO marks VALUES(232,18,2012,1,25,25,18,72.0,5.578000000000000291,2.216000000000000192,11,8,14,10);
INSERT INTO marks VALUES(233,21,2012,1,493,470,284,60.42999999999999972,5.070000000000000284,1.840000000000000079,182,115,288,169);
INSERT INTO marks VALUES(234,22,2012,1,533,498,258,51.81000000000000227,4.650999999999999802,1.957999999999999963,204,112,294,146);
INSERT INTO marks VALUES(235,23,2012,1,54,52,37,71.15000000000000569,5.764999999999999681,1.760999999999999899,26,22,26,15);
INSERT INTO marks VALUES(236,24,2012,1,953,923,524,56.77000000000000312,5.11399999999999988,2.367999999999999883,300,180,623,344);
INSERT INTO marks VALUES(237,25,2012,1,1301,1261,467,37.03000000000000113,4.06700000000000017,2.248000000000000221,465,188,796,279);
INSERT INTO marks VALUES(238,27,2012,1,974,927,414,44.65999999999999658,4.732000000000000206,2.271999999999999797,224,96,703,318);
INSERT INTO marks VALUES(239,28,2012,1,113,112,100,89.29000000000000626,6.544999999999999929,1.612000000000000099,15,15,97,85);
INSERT INTO marks VALUES(240,29,2012,1,139,124,93,75.0,5.905000000000000248,2.107000000000000207,42,31,82,62);
INSERT INTO marks VALUES(241,1,2012,2,18,18,18,100.0,8.769000000000000127,0.857999999999999985,18,18,0,0);
INSERT INTO marks VALUES(242,4,2012,2,20229,20167,14099,69.90999999999999659,5.706000000000000405,1.657999999999999919,20167,14099,0,0);
INSERT INTO marks VALUES(243,12,2012,2,488,488,470,96.3100000000000022,7.618000000000000326,1.574000000000000065,488,470,0,0);
INSERT INTO marks VALUES(244,16,2012,2,8634,8611,6678,77.54999999999999716,6.227000000000000312,1.923999999999999933,8611,6678,0,0);
INSERT INTO marks VALUES(245,17,2012,2,11595,11554,9013,78.01000000000000511,6.235000000000000319,1.854000000000000092,11554,9013,0,0);
INSERT INTO marks VALUES(246,19,2012,2,19691,19618,14337,73.0799999999999983,6.121999999999999887,1.907000000000000028,19618,14337,0,0);
INSERT INTO marks VALUES(247,20,2012,2,16,16,14,87.5,6.700000000000000177,1.872999999999999999,16,14,0,0);
INSERT INTO marks VALUES(248,26,2012,2,11,11,11,100.0,8.590999999999999303,1.086999999999999967,11,11,0,0);
INSERT INTO marks VALUES(249,30,2012,2,18051,17986,12901,71.73000000000000397,5.846000000000000085,1.643999999999999906,17986,12901,0,0);
INSERT INTO marks VALUES(250,2,2012,2,124,111,44,39.64000000000000056,4.232999999999999651,2.470000000000000195,22,8,89,36);
INSERT INTO marks VALUES(251,3,2012,2,6305,6070,4551,74.98000000000000397,6.267000000000000348,2.184000000000000164,719,498,5351,4053);
INSERT INTO marks VALUES(252,5,2012,2,3671,3565,2914,81.73999999999999489,6.434000000000000163,1.770000000000000017,2691,2320,874,594);
INSERT INTO marks VALUES(253,6,2012,2,677,646,605,93.6500000000000056,7.051000000000000156,1.514000000000000012,284,269,362,336);
INSERT INTO marks VALUES(254,7,2012,2,547,526,467,88.78000000000000113,6.591999999999999638,1.538999999999999924,107,88,419,379);
INSERT INTO marks VALUES(255,8,2012,2,3102,3001,2367,78.87000000000000454,6.820000000000000284,2.382000000000000117,661,497,2340,1870);
INSERT INTO marks VALUES(256,9,2012,2,6989,6802,4993,73.40000000000000569,5.939000000000000056,2.004999999999999894,1893,1323,4909,3670);
INSERT INTO marks VALUES(257,10,2012,2,183,163,115,70.54999999999999716,6.092999999999999972,2.532000000000000028,19,14,144,101);
INSERT INTO marks VALUES(258,11,2012,2,4851,4551,2182,47.95000000000000284,4.652999999999999581,2.380999999999999784,1029,439,3522,1743);
INSERT INTO marks VALUES(259,13,2012,2,8136,7883,5855,74.26999999999999603,5.94200000000000017,1.872999999999999999,2468,1874,5415,3981);
INSERT INTO marks VALUES(260,14,2012,2,1416,1376,1116,81.09999999999999431,6.641000000000000014,2.269000000000000127,407,327,969,789);
INSERT INTO marks VALUES(261,15,2012,2,4566,4366,3328,76.23000000000000397,5.98899999999999988,1.949999999999999956,1654,1313,2712,2015);
INSERT INTO marks VALUES(262,18,2012,2,147,137,92,67.15000000000000569,5.958000000000000184,2.358000000000000095,65,44,72,48);
INSERT INTO marks VALUES(263,21,2012,2,2941,2881,2251,78.12999999999999546,6.256000000000000227,1.957999999999999963,1011,779,1870,1472);
INSERT INTO marks VALUES(264,22,2012,2,2941,2812,2012,71.54999999999999716,5.82099999999999973,2.0,1049,759,1763,1253);
INSERT INTO marks VALUES(265,23,2012,2,510,479,437,91.23000000000000397,6.98899999999999988,1.52299999999999991,236,227,243,210);
INSERT INTO marks VALUES(266,24,2012,2,6666,6484,4541,70.03000000000000113,6.049000000000000376,2.463999999999999969,1876,1304,4608,3237);
INSERT INTO marks VALUES(267,25,2012,2,7521,7337,4343,59.18999999999999773,5.397000000000000241,2.648000000000000131,2316,1397,5021,2946);
INSERT INTO marks VALUES(268,27,2012,2,7042,6843,5193,75.89000000000000056,6.399000000000000021,2.234999999999999876,1353,1014,5490,4179);
INSERT INTO marks VALUES(269,28,2012,2,543,531,507,95.4800000000000039,7.12899999999999956,1.510000000000000008,77,76,454,431);
INSERT INTO marks VALUES(270,29,2012,2,925,850,760,89.40999999999999659,7.12699999999999978,1.778000000000000024,211,190,639,570);
INSERT INTO marks VALUES(271,1,2013,0,21,21,20,95.2399999999999949,8.830999999999999517,0.991999999999999993,21,20,0,0);
INSERT INTO marks VALUES(272,4,2013,0,16417,16377,11689,71.37000000000000454,5.767000000000000348,1.64799999999999991,16377,11689,0,0);
INSERT INTO marks VALUES(273,12,2013,0,447,442,433,97.9599999999999938,7.56700000000000017,1.360999999999999988,442,433,0,0);
INSERT INTO marks VALUES(274,16,2013,0,6610,6596,5616,85.14000000000000056,6.612000000000000099,1.731000000000000094,6596,5616,0,0);
INSERT INTO marks VALUES(275,17,2013,0,9807,9776,7920,81.01000000000000511,6.392999999999999794,1.812000000000000055,9776,7920,0,0);
INSERT INTO marks VALUES(276,19,2013,0,15932,15882,12874,81.06000000000000227,6.514000000000000234,1.782000000000000028,15882,12874,0,0);
INSERT INTO marks VALUES(277,20,2013,0,7,7,7,100.0,7.407000000000000028,1.45399999999999996,7,7,0,0);
INSERT INTO marks VALUES(278,26,2013,0,8,8,8,100.0,9.137999999999999901,0.6580000000000000293,8,8,0,0);
INSERT INTO marks VALUES(279,30,2013,0,14671,14614,10618,72.65999999999999659,5.910000000000000142,1.659999999999999921,14614,10618,0,0);
INSERT INTO marks VALUES(280,2,2013,0,90,72,51,70.8299999999999983,5.649000000000000021,2.503000000000000113,15,9,57,42);
INSERT INTO marks VALUES(281,3,2013,0,5390,5260,4141,78.73000000000000397,6.437999999999999723,1.997000000000000108,599,445,4661,3696);
INSERT INTO marks VALUES(282,5,2013,0,2842,2756,2324,84.3299999999999983,6.483999999999999986,1.711000000000000076,2208,1958,548,366);
INSERT INTO marks VALUES(283,6,2013,0,496,476,449,94.3299999999999983,7.158999999999999809,1.493999999999999995,196,193,280,256);
INSERT INTO marks VALUES(284,7,2013,0,392,377,349,92.5699999999999931,6.575000000000000177,1.447999999999999954,72,71,305,278);
INSERT INTO marks VALUES(285,8,2013,0,2395,2332,1589,68.14000000000000056,5.660000000000000142,2.107000000000000207,436,289,1896,1300);
INSERT INTO marks VALUES(286,9,2013,0,5732,5627,4174,74.18000000000000683,6.01100000000000012,1.941999999999999949,1438,988,4189,3186);
INSERT INTO marks VALUES(287,10,2013,0,170,158,89,56.3299999999999983,5.275000000000000355,2.948999999999999844,14,11,144,78);
INSERT INTO marks VALUES(288,11,2013,0,3761,3544,2279,64.31000000000000227,5.74600000000000044,2.491000000000000103,933,600,2611,1679);
INSERT INTO marks VALUES(289,13,2013,0,6526,6358,4891,76.93000000000000683,5.929999999999999716,1.673999999999999933,2074,1606,4284,3285);
INSERT INTO marks VALUES(290,14,2013,0,1197,1168,808,69.18000000000000683,5.876000000000000333,2.422000000000000152,327,212,841,596);
INSERT INTO marks VALUES(291,15,2013,0,3358,3203,2574,80.35999999999999944,6.139000000000000234,1.820999999999999953,1207,1003,1996,1571);
INSERT INTO marks VALUES(292,18,2013,0,131,125,86,68.79999999999999716,5.99800000000000022,2.463000000000000078,46,33,79,53);
INSERT INTO marks VALUES(293,21,2013,0,2402,2368,1883,79.51999999999999603,6.411999999999999922,1.997000000000000108,869,680,1499,1203);
INSERT INTO marks VALUES(294,22,2013,0,2372,2281,1559,68.34999999999999431,5.605999999999999873,2.321000000000000174,820,581,1461,978);
INSERT INTO marks VALUES(295,23,2013,0,381,362,310,85.64000000000000056,6.57099999999999973,1.723000000000000087,210,201,152,109);
INSERT INTO marks VALUES(296,24,2013,0,5764,5617,3290,58.57000000000000028,5.341000000000000191,2.464999999999999858,1393,755,4224,2535);
INSERT INTO marks VALUES(297,25,2013,0,6551,6386,4482,70.18000000000000683,6.133000000000000007,2.458000000000000184,2386,1716,4000,2766);
INSERT INTO marks VALUES(298,27,2013,0,6100,5974,3732,62.46999999999999887,5.477000000000000312,1.969000000000000083,856,514,5118,3218);
INSERT INTO marks VALUES(299,28,2013,0,367,361,344,95.2900000000000062,7.241999999999999993,1.354999999999999983,64,61,297,283);
INSERT INTO marks VALUES(300,29,2013,0,846,795,693,87.1700000000000017,6.866999999999999993,1.663999999999999924,193,169,602,524);
INSERT INTO marks VALUES(301,1,2013,1,3,3,2,66.6700000000000017,5.966999999999999638,1.576000000000000067,3,2,0,0);
INSERT INTO marks VALUES(302,4,2013,1,3723,3672,2003,54.54999999999999716,4.985999999999999766,1.53400000000000003,3672,2003,0,0);
INSERT INTO marks VALUES(303,12,2013,1,107,107,99,92.5199999999999961,6.985999999999999766,1.622000000000000108,107,99,0,0);
INSERT INTO marks VALUES(304,16,2013,1,1618,1599,965,60.35000000000000142,5.240999999999999659,1.832999999999999963,1599,965,0,0);
INSERT INTO marks VALUES(305,17,2013,1,2105,2072,1450,69.98000000000000397,5.576999999999999958,1.705000000000000071,2072,1450,0,0);
INSERT INTO marks VALUES(306,19,2013,1,3609,3552,2165,60.95000000000000284,5.402000000000000135,1.760000000000000008,3552,2165,0,0);
INSERT INTO marks VALUES(307,20,2013,1,2,2,2,100.0,8.375,0.375,2,2,0,0);
INSERT INTO marks VALUES(308,26,2013,1,2,2,2,100.0,9.175000000000000711,0.625,2,2,0,0);
INSERT INTO marks VALUES(309,30,2013,1,3261,3207,2007,62.5799999999999983,5.317999999999999617,1.46599999999999997,3207,2007,0,0);
INSERT INTO marks VALUES(310,2,2013,1,23,22,9,40.90999999999999658,3.440999999999999837,2.186999999999999833,3,1,19,8);
INSERT INTO marks VALUES(311,3,2013,1,1023,971,591,60.86999999999999745,5.413999999999999702,2.262999999999999901,142,79,829,512);
INSERT INTO marks VALUES(312,5,2013,1,540,497,283,56.93999999999999773,5.11399999999999988,1.5,372,209,125,74);
INSERT INTO marks VALUES(313,6,2013,1,159,155,145,93.5499999999999972,6.852999999999999759,1.32899999999999996,53,51,102,94);
INSERT INTO marks VALUES(314,7,2013,1,133,129,109,84.5,6.267000000000000348,1.61299999999999999,31,27,98,82);
INSERT INTO marks VALUES(315,8,2013,1,493,472,292,61.85999999999999944,5.278999999999999915,2.044000000000000039,102,55,370,237);
INSERT INTO marks VALUES(316,9,2013,1,1459,1406,932,66.29000000000000626,5.259000000000000341,1.739000000000000101,401,264,1005,668);
INSERT INTO marks VALUES(317,10,2013,1,25,22,8,36.35999999999999944,4.241999999999999993,1.826999999999999958,2,2,20,6);
INSERT INTO marks VALUES(318,11,2013,1,716,658,282,42.85999999999999944,4.269999999999999573,2.13600000000000012,127,52,531,230);
INSERT INTO marks VALUES(319,13,2013,1,1685,1611,876,54.38000000000000255,4.822000000000000063,1.756000000000000005,501,276,1110,600);
INSERT INTO marks VALUES(320,14,2013,1,303,285,168,58.95000000000000284,5.275999999999999802,2.315999999999999837,79,41,206,127);
INSERT INTO marks VALUES(321,15,2013,1,958,908,586,64.54000000000000626,5.163000000000000255,1.717999999999999972,350,231,558,355);
INSERT INTO marks VALUES(322,18,2013,1,42,41,23,56.10000000000000142,4.724999999999999645,2.152000000000000136,17,9,24,14);
INSERT INTO marks VALUES(323,21,2013,1,597,573,267,46.60000000000000142,4.55799999999999983,1.850999999999999979,230,114,343,153);
INSERT INTO marks VALUES(324,22,2013,1,561,526,414,78.70999999999999374,5.926999999999999603,1.879999999999999894,177,147,349,267);
INSERT INTO marks VALUES(325,23,2013,1,73,71,47,66.20000000000000284,5.400000000000000355,1.584999999999999965,31,26,40,21);
INSERT INTO marks VALUES(326,24,2013,1,1134,1093,458,41.89999999999999858,4.22200000000000042,1.917999999999999928,261,92,832,366);
INSERT INTO marks VALUES(327,25,2013,1,1602,1538,662,43.03999999999999915,4.296000000000000263,2.49800000000000022,540,248,998,414);
INSERT INTO marks VALUES(328,27,2013,1,1284,1229,616,50.11999999999999745,4.943999999999999951,2.217999999999999972,183,73,1046,543);
INSERT INTO marks VALUES(329,28,2013,1,136,131,119,90.84000000000000341,6.883000000000000007,1.711000000000000076,23,22,108,97);
INSERT INTO marks VALUES(330,29,2013,1,169,158,136,86.0799999999999983,6.581000000000000405,1.677000000000000046,37,33,121,103);
INSERT INTO marks VALUES(331,1,2013,2,24,24,22,91.6700000000000017,8.473000000000000754,1.439000000000000056,24,22,0,0);
INSERT INTO marks VALUES(332,4,2013,2,20140,20049,13692,68.29000000000000626,5.623999999999999667,1.655999999999999917,20049,13692,0,0);
INSERT INTO marks VALUES(333,12,2013,2,554,549,532,96.9000000000000056,7.453999999999999738,1.433999999999999942,549,532,0,0);
INSERT INTO marks VALUES(334,16,2013,2,8228,8195,6582,80.31999999999999317,6.344999999999999752,1.834000000000000074,8195,6582,0,0);
INSERT INTO marks VALUES(335,17,2013,2,11912,11848,9370,79.09000000000000341,6.25,1.820000000000000062,11848,9370,0,0);
INSERT INTO marks VALUES(336,19,2013,2,19541,19434,15039,77.37999999999999546,6.310999999999999944,1.82899999999999996,19434,15039,0,0);
INSERT INTO marks VALUES(337,20,2013,2,9,9,9,100.0,7.621999999999999887,1.356000000000000094,9,9,0,0);
INSERT INTO marks VALUES(338,26,2013,2,10,10,10,100.0,9.144999999999999574,0.6520000000000000239,10,10,0,0);
INSERT INTO marks VALUES(339,30,2013,2,17932,17821,12626,70.84999999999999431,5.802999999999999937,1.643000000000000015,17821,12626,0,0);
INSERT INTO marks VALUES(340,2,2013,2,113,94,60,63.8299999999999983,5.131999999999999674,2.605999999999999873,18,10,76,50);
INSERT INTO marks VALUES(341,3,2013,2,6413,6231,4732,75.93999999999999773,6.277999999999999581,2.073999999999999843,741,524,5490,4208);
INSERT INTO marks VALUES(342,5,2013,2,3382,3253,2607,80.14000000000000056,6.275000000000000355,1.75099999999999989,2580,2167,673,440);
INSERT INTO marks VALUES(343,6,2013,2,655,631,594,94.1400000000000005,7.083999999999999631,1.461999999999999967,249,244,382,350);
INSERT INTO marks VALUES(344,7,2013,2,525,506,458,90.51000000000000511,6.49600000000000044,1.497999999999999999,103,98,403,360);
INSERT INTO marks VALUES(345,8,2013,2,2888,2804,1882,67.12000000000000454,5.596000000000000085,2.100999999999999979,538,344,2266,1538);
INSERT INTO marks VALUES(346,9,2013,2,7191,7033,5106,72.59999999999999431,5.860000000000000319,1.927000000000000046,1839,1252,5194,3854);
INSERT INTO marks VALUES(347,10,2013,2,195,180,97,53.89000000000000056,5.149000000000000021,2.855999999999999873,16,13,164,84);
INSERT INTO marks VALUES(348,11,2013,2,4477,4202,2562,60.96999999999999887,5.514999999999999681,2.496999999999999887,1060,652,3142,1910);
INSERT INTO marks VALUES(349,13,2013,2,8211,7969,5767,72.37000000000000454,5.706000000000000405,1.747999999999999999,2575,1882,5394,3885);
INSERT INTO marks VALUES(350,14,2013,2,1500,1453,976,67.1700000000000017,5.758000000000000007,2.412999999999999812,406,253,1047,723);
INSERT INTO marks VALUES(351,15,2013,2,4316,4111,3160,76.87000000000000454,5.924000000000000376,1.844000000000000083,1557,1234,2554,1926);
INSERT INTO marks VALUES(352,18,2013,2,173,166,109,65.65999999999999659,5.68299999999999983,2.451999999999999958,63,42,103,67);
INSERT INTO marks VALUES(353,21,2013,2,2999,2941,2151,73.14000000000000056,6.051000000000000156,2.101999999999999868,1099,795,1842,1356);
INSERT INTO marks VALUES(354,22,2013,2,2933,2807,1973,70.29000000000000626,5.666000000000000369,2.248000000000000221,997,728,1810,1245);
INSERT INTO marks VALUES(355,23,2013,2,454,433,357,82.45000000000000284,6.37899999999999956,1.754999999999999894,241,227,192,130);
INSERT INTO marks VALUES(356,24,2013,2,6898,6710,3748,55.85999999999999944,5.158999999999999809,2.419999999999999929,1654,847,5056,2901);
INSERT INTO marks VALUES(357,25,2013,2,8153,7924,5144,64.9200000000000017,5.777000000000000135,2.571000000000000174,2926,1964,4998,3180);
INSERT INTO marks VALUES(358,27,2013,2,7384,7203,4349,60.38000000000000255,5.38600000000000012,2.024000000000000021,1039,587,6164,3762);
INSERT INTO marks VALUES(359,28,2013,2,503,492,463,94.1099999999999995,7.145999999999999908,1.467000000000000081,87,83,405,380);
INSERT INTO marks VALUES(360,29,2013,2,1015,953,829,86.98999999999999489,6.820000000000000284,1.669999999999999929,230,202,723,627);
INSERT INTO marks VALUES(361,1,2014,0,3,3,2,66.6700000000000017,7.133000000000000007,1.800999999999999935,3,2,0,0);
INSERT INTO marks VALUES(362,4,2014,0,3488,3457,1764,51.03000000000000113,4.775000000000000355,1.459000000000000074,3457,1764,0,0);
INSERT INTO marks VALUES(363,12,2014,0,114,113,102,90.26999999999999603,6.81500000000000039,1.606000000000000094,113,102,0,0);
INSERT INTO marks VALUES(364,16,2014,0,1489,1479,771,52.13000000000000255,4.889000000000000234,1.800999999999999935,1479,771,0,0);
INSERT INTO marks VALUES(365,17,2014,0,1999,1976,1180,59.71999999999999887,5.160000000000000142,1.911000000000000031,1976,1180,0,0);
INSERT INTO marks VALUES(366,19,2014,0,3360,3321,2176,65.51999999999999603,5.629999999999999894,1.77299999999999991,3321,2176,0,0);
INSERT INTO marks VALUES(367,20,2014,0,5,5,5,100.0,7.660000000000000142,1.552000000000000046,5,5,0,0);
INSERT INTO marks VALUES(368,26,2014,0,4,4,4,100.0,8.050000000000000711,1.739999999999999992,4,4,0,0);
INSERT INTO marks VALUES(369,30,2014,0,3056,3015,1632,54.13000000000000255,5.009999999999999787,1.55699999999999994,3015,1632,0,0);
INSERT INTO marks VALUES(370,2,2014,0,18,15,7,46.6700000000000017,4.583000000000000184,2.129000000000000003,3,1,12,6);
INSERT INTO marks VALUES(371,3,2014,0,968,905,649,71.70999999999999374,5.923000000000000042,2.064000000000000056,129,88,776,561);
INSERT INTO marks VALUES(372,5,2014,0,499,465,275,59.14000000000000056,5.075999999999999624,1.520999999999999908,330,201,135,74);
INSERT INTO marks VALUES(373,6,2014,0,163,159,150,94.3400000000000034,7.092999999999999972,1.377999999999999892,51,44,108,106);
INSERT INTO marks VALUES(374,7,2014,0,123,116,101,87.06999999999999317,6.384000000000000341,1.622999999999999999,21,19,95,82);
INSERT INTO marks VALUES(375,8,2014,0,460,429,264,61.53999999999999915,5.400999999999999802,2.221000000000000085,93,57,336,207);
INSERT INTO marks VALUES(376,9,2014,0,1271,1204,756,62.78999999999999915,5.19200000000000017,1.915000000000000035,357,213,847,543);
INSERT INTO marks VALUES(377,10,2014,0,36,30,20,66.6700000000000017,4.881000000000000227,2.150999999999999801,9,7,21,13);
INSERT INTO marks VALUES(378,11,2014,0,707,650,231,35.53999999999999915,3.878000000000000113,2.084999999999999965,122,35,528,196);
INSERT INTO marks VALUES(379,13,2014,0,1564,1490,1073,72.01000000000000511,5.480999999999999873,1.661000000000000031,454,328,1036,745);
INSERT INTO marks VALUES(380,14,2014,0,218,213,140,65.73000000000000397,5.69599999999999973,2.12400000000000011,71,46,142,94);
INSERT INTO marks VALUES(381,15,2014,0,793,735,475,64.62999999999999546,5.099999999999999645,1.919000000000000039,311,210,424,265);
INSERT INTO marks VALUES(382,18,2014,0,21,21,13,61.89999999999999858,4.887999999999999901,2.092999999999999972,6,5,15,8);
INSERT INTO marks VALUES(383,21,2014,0,466,455,320,70.3299999999999983,5.62300000000000022,1.758000000000000007,182,120,273,200);
INSERT INTO marks VALUES(384,22,2014,0,482,450,314,69.78000000000000113,5.464999999999999858,1.846999999999999976,152,111,298,203);
INSERT INTO marks VALUES(385,23,2014,0,62,61,48,78.68999999999999773,5.758000000000000007,1.485000000000000097,33,27,28,21);
INSERT INTO marks VALUES(386,24,2014,0,1135,1082,470,43.43999999999999773,4.363000000000000434,2.226999999999999868,263,90,819,380);
INSERT INTO marks VALUES(387,25,2014,0,1528,1467,881,60.04999999999999716,5.373999999999999667,2.398000000000000131,590,373,877,508);
INSERT INTO marks VALUES(388,27,2014,0,1213,1138,639,56.14999999999999858,5.197000000000000063,2.254999999999999894,182,76,956,563);
INSERT INTO marks VALUES(389,28,2014,0,131,131,128,97.7099999999999938,7.339999999999999858,1.312000000000000055,39,39,92,89);
INSERT INTO marks VALUES(390,29,2014,0,174,163,120,73.62000000000000454,5.875,1.725000000000000088,44,29,119,91);
INSERT INTO marks VALUES(391,1,2014,1,3,3,2,66.6700000000000017,7.133000000000000007,1.800999999999999935,3,2,0,0);
INSERT INTO marks VALUES(392,4,2014,1,3488,3457,1764,51.03000000000000113,4.775000000000000355,1.459000000000000074,3457,1764,0,0);
INSERT INTO marks VALUES(393,12,2014,1,114,113,102,90.26999999999999603,6.81500000000000039,1.606000000000000094,113,102,0,0);
INSERT INTO marks VALUES(394,16,2014,1,1489,1479,771,52.13000000000000255,4.889000000000000234,1.800999999999999935,1479,771,0,0);
INSERT INTO marks VALUES(395,17,2014,1,1999,1976,1180,59.71999999999999887,5.160000000000000142,1.911000000000000031,1976,1180,0,0);
INSERT INTO marks VALUES(396,19,2014,1,3360,3321,2176,65.51999999999999603,5.629999999999999894,1.77299999999999991,3321,2176,0,0);
INSERT INTO marks VALUES(397,20,2014,1,5,5,5,100.0,7.660000000000000142,1.552000000000000046,5,5,0,0);
INSERT INTO marks VALUES(398,26,2014,1,4,4,4,100.0,8.050000000000000711,1.739999999999999992,4,4,0,0);
INSERT INTO marks VALUES(399,30,2014,1,3056,3015,1632,54.13000000000000255,5.009999999999999787,1.55699999999999994,3015,1632,0,0);
INSERT INTO marks VALUES(400,2,2014,1,18,15,7,46.6700000000000017,4.583000000000000184,2.129000000000000003,3,1,12,6);
INSERT INTO marks VALUES(401,3,2014,1,968,905,649,71.70999999999999374,5.923000000000000042,2.064000000000000056,129,88,776,561);
INSERT INTO marks VALUES(402,5,2014,1,499,465,275,59.14000000000000056,5.075999999999999624,1.520999999999999908,330,201,135,74);
INSERT INTO marks VALUES(403,6,2014,1,163,159,150,94.3400000000000034,7.092999999999999972,1.377999999999999892,51,44,108,106);
INSERT INTO marks VALUES(404,7,2014,1,123,116,101,87.06999999999999317,6.384000000000000341,1.622999999999999999,21,19,95,82);
INSERT INTO marks VALUES(405,8,2014,1,460,429,264,61.53999999999999915,5.400999999999999802,2.221000000000000085,93,57,336,207);
INSERT INTO marks VALUES(406,9,2014,1,1271,1204,756,62.78999999999999915,5.19200000000000017,1.915000000000000035,357,213,847,543);
INSERT INTO marks VALUES(407,10,2014,1,36,30,20,66.6700000000000017,4.881000000000000227,2.150999999999999801,9,7,21,13);
INSERT INTO marks VALUES(408,11,2014,1,707,650,231,35.53999999999999915,3.878000000000000113,2.084999999999999965,122,35,528,196);
INSERT INTO marks VALUES(409,13,2014,1,1564,1490,1073,72.01000000000000511,5.480999999999999873,1.661000000000000031,454,328,1036,745);
INSERT INTO marks VALUES(410,14,2014,1,218,213,140,65.73000000000000397,5.69599999999999973,2.12400000000000011,71,46,142,94);
INSERT INTO marks VALUES(411,15,2014,1,793,735,475,64.62999999999999546,5.099999999999999645,1.919000000000000039,311,210,424,265);
INSERT INTO marks VALUES(412,18,2014,1,21,21,13,61.89999999999999858,4.887999999999999901,2.092999999999999972,6,5,15,8);
INSERT INTO marks VALUES(413,21,2014,1,466,455,320,70.3299999999999983,5.62300000000000022,1.758000000000000007,182,120,273,200);
INSERT INTO marks VALUES(414,22,2014,1,482,450,314,69.78000000000000113,5.464999999999999858,1.846999999999999976,152,111,298,203);
INSERT INTO marks VALUES(415,23,2014,1,62,61,48,78.68999999999999773,5.758000000000000007,1.485000000000000097,33,27,28,21);
INSERT INTO marks VALUES(416,24,2014,1,1135,1082,470,43.43999999999999773,4.363000000000000434,2.226999999999999868,263,90,819,380);
INSERT INTO marks VALUES(417,25,2014,1,1528,1467,881,60.04999999999999716,5.373999999999999667,2.398000000000000131,590,373,877,508);
INSERT INTO marks VALUES(418,27,2014,1,1213,1138,639,56.14999999999999858,5.197000000000000063,2.254999999999999894,182,76,956,563);
INSERT INTO marks VALUES(419,28,2014,1,131,131,128,97.7099999999999938,7.339999999999999858,1.312000000000000055,39,39,92,89);
INSERT INTO marks VALUES(420,29,2014,1,174,163,120,73.62000000000000454,5.875,1.725000000000000088,44,29,119,91);
INSERT INTO marks VALUES(421,1,2014,2,19,19,18,94.7399999999999949,8.166000000000000369,1.354999999999999983,19,18,0,0);
INSERT INTO marks VALUES(422,4,2014,2,20312,20241,14552,71.89000000000000056,5.847000000000000419,1.725000000000000088,20241,14552,0,0);
INSERT INTO marks VALUES(423,12,2014,2,573,569,555,97.5400000000000062,7.81700000000000017,1.47700000000000009,569,555,0,0);
INSERT INTO marks VALUES(424,16,2014,2,8662,8633,6485,75.12000000000000454,6.091999999999999638,1.903000000000000024,8633,6485,0,0);
INSERT INTO marks VALUES(425,17,2014,2,11650,11604,9303,80.1700000000000017,6.302999999999999937,1.834999999999999965,11604,9303,0,0);
INSERT INTO marks VALUES(426,19,2014,2,19690,19603,16226,82.76999999999999603,6.620000000000000106,1.74900000000000011,19603,16226,0,0);
INSERT INTO marks VALUES(427,20,2014,2,16,16,16,100.0,7.980999999999999873,1.81800000000000006,16,16,0,0);
INSERT INTO marks VALUES(428,26,2014,2,10,10,10,100.0,8.609999999999999431,1.346000000000000085,10,10,0,0);
INSERT INTO marks VALUES(429,30,2014,2,18122,18039,14543,80.62000000000000454,6.312999999999999723,1.651000000000000023,18039,14543,0,0);
INSERT INTO marks VALUES(430,2,2014,2,100,81,56,69.14000000000000056,5.331999999999999851,2.278000000000000024,29,21,52,35);
INSERT INTO marks VALUES(431,3,2014,2,6693,6486,5281,81.4200000000000017,6.551000000000000156,2.028000000000000024,590,449,5896,4832);
INSERT INTO marks VALUES(432,5,2014,2,3328,3200,2268,70.87999999999999546,5.733999999999999986,1.772000000000000019,2578,1918,622,350);
INSERT INTO marks VALUES(433,6,2014,2,707,690,645,93.4800000000000039,7.092999999999999972,1.449999999999999956,224,204,466,441);
INSERT INTO marks VALUES(434,7,2014,2,520,504,460,91.26999999999999603,6.810999999999999944,1.598000000000000087,117,103,387,357);
INSERT INTO marks VALUES(435,8,2014,2,2819,2704,1725,63.78999999999999915,5.514000000000000234,2.067000000000000171,494,311,2210,1414);
INSERT INTO marks VALUES(436,9,2014,2,6896,6729,5178,76.95000000000000284,6.108999999999999986,1.98799999999999999,1882,1380,4847,3798);
INSERT INTO marks VALUES(437,10,2014,2,136,117,78,66.6700000000000017,5.647999999999999688,2.584000000000000074,19,16,98,62);
INSERT INTO marks VALUES(438,11,2014,2,4665,4354,2872,65.95999999999999374,5.807000000000000383,2.50199999999999978,810,482,3544,2390);
INSERT INTO marks VALUES(439,13,2014,2,7902,7669,5294,69.03000000000000113,5.570000000000000284,1.790999999999999926,2504,1777,5165,3517);
INSERT INTO marks VALUES(440,14,2014,2,1310,1282,1044,81.43999999999999773,6.948000000000000397,2.254999999999999894,340,261,942,783);
INSERT INTO marks VALUES(441,15,2014,2,4025,3811,2841,74.54999999999999716,5.894000000000000127,2.051000000000000157,1551,1222,2260,1619);
INSERT INTO marks VALUES(442,18,2014,2,113,110,90,81.81999999999999317,6.511999999999999567,2.366000000000000103,47,40,63,50);
INSERT INTO marks VALUES(443,21,2014,2,2698,2657,1998,75.20000000000000284,6.18299999999999983,2.01200000000000001,1025,731,1632,1267);
INSERT INTO marks VALUES(444,22,2014,2,2765,2635,2065,78.37000000000000454,6.12899999999999956,2.032999999999999919,1000,822,1635,1243);
INSERT INTO marks VALUES(445,23,2014,2,414,399,362,90.73000000000000397,6.605000000000000426,1.435000000000000053,224,212,175,150);
INSERT INTO marks VALUES(446,24,2014,2,7278,7015,4245,60.50999999999999802,5.416000000000000369,2.350000000000000088,1686,916,5329,3329);
INSERT INTO marks VALUES(447,25,2014,2,9012,8807,5451,61.89000000000000056,5.541999999999999816,2.43199999999999994,3764,2551,5043,2900);
INSERT INTO marks VALUES(448,27,2014,2,7749,7489,5286,70.5799999999999983,5.87300000000000022,2.056000000000000049,1030,663,6459,4623);
INSERT INTO marks VALUES(449,28,2014,2,540,535,515,96.2600000000000051,7.270999999999999908,1.383999999999999897,117,114,418,401);
INSERT INTO marks VALUES(450,29,2014,2,1044,984,867,88.10999999999999944,7.108999999999999986,1.802000000000000046,175,146,809,721);
INSERT INTO marks VALUES(451,1,2015,0,18,18,18,100.0,8.035999999999999588,1.173999999999999933,18,18,0,0);
INSERT INTO marks VALUES(452,4,2015,0,16771,16730,13035,77.90999999999999659,6.076999999999999958,1.627999999999999892,16730,13035,0,0);
INSERT INTO marks VALUES(453,12,2015,0,541,539,513,95.1800000000000069,7.405999999999999695,1.491999999999999993,539,513,0,0);
INSERT INTO marks VALUES(454,16,2015,0,6764,6747,5802,85.98999999999999489,6.767999999999999794,1.754999999999999894,6747,5802,0,0);
INSERT INTO marks VALUES(455,17,2015,0,10007,9979,8298,83.15000000000000569,6.44599999999999973,1.691000000000000058,9979,8298,0,0);
INSERT INTO marks VALUES(456,19,2015,0,16190,16144,12614,78.12999999999999546,6.437999999999999723,1.913000000000000033,16144,12614,0,0);
INSERT INTO marks VALUES(457,20,2015,0,12,12,11,91.6700000000000017,8.396000000000000796,1.770000000000000017,12,11,0,0);
INSERT INTO marks VALUES(458,26,2015,0,8,8,8,100.0,8.881000000000000227,0.8359999999999999654,8,8,0,0);
INSERT INTO marks VALUES(459,30,2015,0,14950,14908,12393,83.12999999999999546,6.381000000000000227,1.596000000000000085,14908,12393,0,0);
INSERT INTO marks VALUES(460,2,2015,0,99,88,56,63.64000000000000056,5.328000000000000291,2.085999999999999854,29,19,59,37);
INSERT INTO marks VALUES(461,3,2015,0,5758,5598,4357,77.8299999999999983,6.381999999999999674,2.153000000000000024,501,362,5097,3995);
INSERT INTO marks VALUES(462,5,2015,0,2775,2675,2144,80.15000000000000569,6.416999999999999816,1.788000000000000033,2073,1720,602,424);
INSERT INTO marks VALUES(463,6,2015,0,499,484,462,95.4500000000000028,7.046999999999999709,1.403999999999999915,177,168,307,294);
INSERT INTO marks VALUES(464,7,2015,0,310,296,246,83.10999999999999944,6.514999999999999681,1.780000000000000026,66,61,230,185);
INSERT INTO marks VALUES(465,8,2015,0,2299,2221,1487,66.95000000000000284,5.918000000000000149,2.278999999999999915,401,256,1820,1231);
INSERT INTO marks VALUES(466,9,2015,0,5513,5420,4534,83.65000000000000569,6.668999999999999595,1.919999999999999929,1386,1069,4034,3465);
INSERT INTO marks VALUES(467,10,2015,0,170,140,94,67.14000000000000056,5.727000000000000312,2.355999999999999873,11,11,129,83);
INSERT INTO marks VALUES(468,11,2015,0,3737,3521,2297,65.23999999999999489,5.665000000000000035,2.380999999999999784,515,292,3006,2005);
INSERT INTO marks VALUES(469,13,2015,0,6183,6016,4705,78.20999999999999374,5.911999999999999922,1.598999999999999977,2155,1706,3861,2999);
INSERT INTO marks VALUES(470,14,2015,0,1139,1122,983,87.60999999999999944,7.407000000000000028,2.06999999999999984,240,201,882,782);
INSERT INTO marks VALUES(471,15,2015,0,3134,3011,2276,75.59000000000000341,5.980000000000000426,2.005999999999999783,1351,1021,1660,1255);
INSERT INTO marks VALUES(472,18,2015,0,114,106,71,66.98000000000000397,5.777000000000000135,2.431000000000000049,40,29,66,42);
INSERT INTO marks VALUES(473,21,2015,0,2300,2276,1822,80.04999999999999716,6.493999999999999773,2.047000000000000153,616,453,1660,1369);
INSERT INTO marks VALUES(474,22,2015,0,2310,2250,1786,79.37999999999999546,6.376000000000000333,2.071000000000000175,934,770,1316,1016);
INSERT INTO marks VALUES(475,23,2015,0,418,407,354,86.98000000000000397,6.277999999999999581,1.435999999999999944,258,232,149,122);
INSERT INTO marks VALUES(476,24,2015,0,6199,6036,4314,71.46999999999999887,6.198000000000000397,2.404999999999999805,1316,848,4720,3466);
INSERT INTO marks VALUES(477,25,2015,0,7889,7750,6069,78.31000000000000227,6.799000000000000376,2.419000000000000039,3648,2944,4102,3125);
INSERT INTO marks VALUES(478,27,2015,0,6559,6378,4982,78.10999999999999944,6.559000000000000163,2.226999999999999868,827,615,5551,4367);
INSERT INTO marks VALUES(479,28,2015,0,382,381,350,91.85999999999999944,6.900000000000000355,1.459000000000000074,42,38,339,312);
INSERT INTO marks VALUES(480,29,2015,0,884,841,812,96.5499999999999972,7.831000000000000405,1.383999999999999897,134,130,707,682);
INSERT INTO marks VALUES(481,1,2015,1,5,5,5,100.0,8.199999999999999289,0.937999999999999945,5,5,0,0);
INSERT INTO marks VALUES(482,4,2015,1,3527,3488,1691,48.47999999999999688,4.733999999999999986,1.461000000000000076,3488,1691,0,0);
INSERT INTO marks VALUES(483,12,2015,1,97,95,82,86.31999999999999317,6.282000000000000028,1.552000000000000046,95,82,0,0);
INSERT INTO marks VALUES(484,16,2015,1,1468,1448,999,68.98999999999999489,5.581000000000000405,1.907999999999999919,1448,999,0,0);
INSERT INTO marks VALUES(485,17,2015,1,2059,2038,1331,65.31000000000000227,5.410000000000000142,1.733000000000000095,2038,1331,0,0);
INSERT INTO marks VALUES(486,19,2015,1,3417,3374,2658,78.78000000000000113,6.278999999999999915,1.770000000000000017,3374,2658,0,0);
INSERT INTO marks VALUES(487,20,2015,1,6,6,6,100.0,8.483000000000000541,0.6380000000000000115,6,6,0,0);
INSERT INTO marks VALUES(488,26,2015,1,2,2,2,100.0,6.0,0.5500000000000000444,2,2,0,0);
INSERT INTO marks VALUES(489,30,2015,1,3082,3044,2125,69.81000000000000227,5.472000000000000419,1.372000000000000108,3044,2125,0,0);
INSERT INTO marks VALUES(490,2,2015,1,21,18,6,33.3299999999999983,3.572000000000000063,1.814999999999999947,3,1,15,5);
INSERT INTO marks VALUES(491,3,2015,1,1014,943,621,65.84999999999999431,5.692999999999999617,2.146999999999999797,128,69,815,552);
INSERT INTO marks VALUES(492,5,2015,1,530,489,374,76.48000000000000397,5.870000000000000106,1.524000000000000021,333,266,156,108);
INSERT INTO marks VALUES(493,6,2015,1,145,138,124,89.85999999999999944,6.519000000000000127,1.411999999999999922,53,46,85,78);
INSERT INTO marks VALUES(494,7,2015,1,113,110,82,74.54999999999999716,5.820000000000000284,1.760999999999999899,27,21,83,61);
INSERT INTO marks VALUES(495,8,2015,1,453,424,192,45.28000000000000113,4.62899999999999956,1.975000000000000088,90,35,334,157);
INSERT INTO marks VALUES(496,9,2015,1,1236,1183,599,50.63000000000000255,4.573999999999999844,1.790000000000000035,376,183,807,416);
INSERT INTO marks VALUES(497,10,2015,1,21,18,5,27.78000000000000113,3.763999999999999791,1.782999999999999919,0,0,18,5);
INSERT INTO marks VALUES(498,11,2015,1,687,630,292,46.35000000000000142,4.644999999999999574,2.213000000000000078,108,45,522,247);
INSERT INTO marks VALUES(499,13,2015,1,1466,1418,701,49.43999999999999773,4.820000000000000284,1.657999999999999919,464,213,954,488);
INSERT INTO marks VALUES(500,14,2015,1,223,215,122,56.74000000000000198,5.328999999999999738,2.282000000000000028,51,33,164,89);
INSERT INTO marks VALUES(501,15,2015,1,770,735,436,59.32000000000000028,4.980000000000000426,1.872000000000000108,297,173,438,263);
INSERT INTO marks VALUES(502,18,2015,1,28,26,14,53.85000000000000142,4.453999999999999737,2.01200000000000001,12,6,14,8);
INSERT INTO marks VALUES(503,21,2015,1,493,478,323,67.56999999999999317,5.397999999999999688,1.895999999999999908,186,118,292,205);
INSERT INTO marks VALUES(504,22,2015,1,478,456,306,67.10999999999999944,5.267999999999999794,2.0,172,122,284,184);
INSERT INTO marks VALUES(505,23,2015,1,74,69,42,60.86999999999999745,5.049999999999999823,1.758000000000000007,42,29,27,13);
INSERT INTO marks VALUES(506,24,2015,1,1127,1086,650,59.85000000000000142,5.211999999999999745,2.198999999999999843,220,122,866,528);
INSERT INTO marks VALUES(507,25,2015,1,1550,1493,478,32.02000000000000313,3.770000000000000017,2.12400000000000011,672,243,821,235);
INSERT INTO marks VALUES(508,27,2015,1,1213,1155,537,46.49000000000000198,4.612000000000000099,2.23799999999999999,183,68,972,469);
INSERT INTO marks VALUES(509,28,2015,1,116,115,102,88.70000000000000284,6.437000000000000277,1.473999999999999977,18,16,97,86);
INSERT INTO marks VALUES(510,29,2015,1,180,169,143,84.62000000000000454,6.357999999999999652,1.560000000000000053,43,36,126,107);
INSERT INTO marks VALUES(511,1,2015,2,23,23,23,100.0,8.071999999999999175,1.129000000000000003,23,23,0,0);
INSERT INTO marks VALUES(512,4,2015,2,20298,20218,14726,72.84000000000000341,5.846000000000000085,1.679000000000000047,20218,14726,0,0);
INSERT INTO marks VALUES(513,12,2015,2,638,634,595,93.8499999999999944,7.238000000000000433,1.554000000000000047,634,595,0,0);
INSERT INTO marks VALUES(514,16,2015,2,8232,8195,6801,82.98999999999999489,6.55799999999999983,1.840000000000000079,8195,6801,0,0);
INSERT INTO marks VALUES(515,17,2015,2,12066,12017,9629,80.12999999999999546,6.270999999999999908,1.741999999999999993,12017,9629,0,0);
INSERT INTO marks VALUES(516,19,2015,2,19607,19518,15272,78.25,6.410999999999999588,1.889999999999999903,19518,15272,0,0);
INSERT INTO marks VALUES(517,20,2015,2,18,18,17,94.4399999999999978,8.425000000000000711,1.491999999999999993,18,17,0,0);
INSERT INTO marks VALUES(518,26,2015,2,10,10,10,100.0,8.304999999999999716,1.395999999999999908,10,10,0,0);
INSERT INTO marks VALUES(519,30,2015,2,18032,17952,14518,80.87000000000000454,6.227000000000000312,1.596999999999999976,17952,14518,0,0);
INSERT INTO marks VALUES(520,2,2015,2,120,106,62,58.49000000000000198,5.030000000000000248,2.145999999999999908,32,20,74,42);
INSERT INTO marks VALUES(521,3,2015,2,6772,6541,4978,76.09999999999999431,6.283000000000000362,2.165000000000000035,629,431,5912,4547);
INSERT INTO marks VALUES(522,5,2015,2,3305,3164,2518,79.5799999999999983,6.333000000000000184,1.760999999999999899,2406,1986,758,532);
INSERT INTO marks VALUES(523,6,2015,2,644,622,586,94.2099999999999938,6.929999999999999716,1.423000000000000042,230,214,392,372);
INSERT INTO marks VALUES(524,7,2015,2,423,406,328,80.79000000000000626,6.326999999999999958,1.800999999999999935,93,82,313,246);
INSERT INTO marks VALUES(525,8,2015,2,2752,2645,1679,63.47999999999999688,5.711999999999999745,2.282000000000000028,491,291,2154,1388);
INSERT INTO marks VALUES(526,9,2015,2,6749,6603,5133,77.73999999999999489,6.293999999999999595,2.060999999999999944,1762,1252,4841,3881);
INSERT INTO marks VALUES(527,10,2015,2,191,158,99,62.65999999999999659,5.503000000000000113,2.380999999999999784,11,11,147,88);
INSERT INTO marks VALUES(528,11,2015,2,4424,4151,2589,62.36999999999999745,5.509999999999999787,2.383999999999999897,623,337,3528,2252);
INSERT INTO marks VALUES(529,13,2015,2,7649,7434,5406,72.71999999999999887,5.703999999999999738,1.665999999999999926,2619,1919,4815,3487);
INSERT INTO marks VALUES(530,14,2015,2,1362,1337,1105,82.65000000000000569,7.072000000000000063,2.23899999999999988,291,234,1046,871);
INSERT INTO marks VALUES(531,15,2015,2,3904,3746,2712,72.40000000000000569,5.783000000000000362,2.020000000000000017,1648,1194,2098,1518);
INSERT INTO marks VALUES(532,18,2015,2,142,132,85,64.39000000000000056,5.517000000000000348,2.411999999999999922,52,35,80,50);
INSERT INTO marks VALUES(533,21,2015,2,2793,2754,2145,77.89000000000000056,6.30400000000000027,2.064000000000000056,802,571,1952,1574);
INSERT INTO marks VALUES(534,22,2015,2,2788,2706,2092,77.31000000000000227,6.189000000000000056,2.100999999999999979,1106,892,1600,1200);
INSERT INTO marks VALUES(535,23,2015,2,492,476,396,83.18999999999999773,6.099999999999999645,1.548999999999999933,300,261,176,135);
INSERT INTO marks VALUES(536,24,2015,2,7326,7122,4965,69.70999999999999374,6.048000000000000042,2.400999999999999802,1536,970,5586,3995);
INSERT INTO marks VALUES(537,25,2015,2,9439,9243,6547,70.8299999999999983,6.30999999999999961,2.621999999999999887,4320,3187,4923,3360);
INSERT INTO marks VALUES(538,27,2015,2,7772,7533,5519,73.26000000000000511,6.259999999999999787,2.337000000000000188,1010,683,6523,4836);
INSERT INTO marks VALUES(539,28,2015,2,498,496,452,91.12999999999999546,6.793000000000000149,1.475000000000000088,60,54,436,398);
INSERT INTO marks VALUES(540,29,2015,2,1064,1010,955,94.5499999999999972,7.583999999999999631,1.518000000000000015,177,166,833,789);
INSERT INTO marks VALUES(541,1,2016,0,10,10,10,100.0,8.335000000000000853,1.231000000000000094,10,10,0,0);
INSERT INTO marks VALUES(542,4,2016,0,17374,17336,14224,82.04999999999999716,6.301000000000000156,1.604999999999999983,17336,14224,0,0);
INSERT INTO marks VALUES(543,12,2016,0,438,437,427,97.7099999999999938,7.948999999999999844,1.334000000000000074,437,427,0,0);
INSERT INTO marks VALUES(544,16,2016,0,7316,7299,5688,77.93000000000000683,6.373999999999999667,1.943999999999999951,7299,5688,0,0);
INSERT INTO marks VALUES(545,17,2016,0,10058,10040,8515,84.81000000000000227,6.589000000000000412,1.697000000000000063,10040,8515,0,0);
INSERT INTO marks VALUES(546,19,2016,0,16904,16862,14122,83.75,6.762999999999999901,1.79600000000000004,16862,14122,0,0);
INSERT INTO marks VALUES(547,20,2016,0,12,12,12,100.0,7.866999999999999993,1.427999999999999937,12,12,0,0);
INSERT INTO marks VALUES(548,26,2016,0,5,5,5,100.0,8.269999999999999574,1.1120000000000001,5,5,0,0);
INSERT INTO marks VALUES(549,30,2016,0,15399,15361,12605,82.06000000000000227,6.291999999999999816,1.560999999999999944,15361,12605,0,0);
INSERT INTO marks VALUES(550,2,2016,0,101,85,40,47.06000000000000227,4.62899999999999956,1.983000000000000095,24,10,61,30);
INSERT INTO marks VALUES(551,3,2016,0,5719,5513,4630,83.98000000000000397,6.818999999999999951,2.021999999999999797,502,384,5011,4246);
INSERT INTO marks VALUES(552,5,2016,0,2701,2615,2336,89.3299999999999983,6.820000000000000284,1.564999999999999947,1983,1807,632,529);
INSERT INTO marks VALUES(553,6,2016,0,581,558,533,95.5199999999999961,7.25399999999999956,1.451999999999999958,173,167,385,366);
INSERT INTO marks VALUES(554,7,2016,0,388,375,351,93.5999999999999944,7.003000000000000113,1.48799999999999999,77,73,298,278);
INSERT INTO marks VALUES(555,8,2016,0,2254,2181,1489,68.26999999999999603,6.121999999999999887,2.43299999999999983,374,250,1807,1239);
INSERT INTO marks VALUES(556,9,2016,0,5671,5584,4464,79.93999999999999773,6.352000000000000312,1.963000000000000078,1401,1024,4183,3440);
INSERT INTO marks VALUES(557,10,2016,0,165,157,123,78.34000000000000341,6.171999999999999709,2.23600000000000021,9,8,148,115);
INSERT INTO marks VALUES(558,11,2016,0,3870,3644,2578,70.75,5.971000000000000085,2.274000000000000021,565,378,3079,2200);
INSERT INTO marks VALUES(559,13,2016,0,6303,6183,5368,86.81999999999999317,6.477000000000000312,1.598999999999999977,2205,1952,3978,3416);
INSERT INTO marks VALUES(560,14,2016,0,1158,1143,939,82.15000000000000569,7.004999999999999894,2.23799999999999999,223,166,920,773);
INSERT INTO marks VALUES(561,15,2016,0,3082,2980,2335,78.35999999999999944,6.022999999999999688,1.883000000000000007,1378,1112,1602,1223);
INSERT INTO marks VALUES(562,18,2016,0,126,123,89,72.35999999999999944,6.078000000000000291,2.246999999999999887,53,40,70,49);
INSERT INTO marks VALUES(563,21,2016,0,2284,2252,2069,91.87000000000000454,7.384999999999999787,1.772000000000000019,634,567,1618,1502);
INSERT INTO marks VALUES(564,22,2016,0,2295,2226,1920,86.25,6.828000000000000291,2.005999999999999783,952,834,1274,1086);
INSERT INTO marks VALUES(565,23,2016,0,421,403,316,78.40999999999999659,5.903999999999999915,1.78400000000000003,258,222,145,94);
INSERT INTO marks VALUES(566,24,2016,0,6487,6321,4584,72.51999999999999603,6.198999999999999844,2.333000000000000184,1180,771,5141,3813);
INSERT INTO marks VALUES(567,25,2016,0,8798,8663,6901,79.65999999999999659,6.788999999999999702,2.366999999999999993,4303,3596,4360,3305);
INSERT INTO marks VALUES(568,27,2016,0,6786,6633,4725,71.23000000000000397,6.025999999999999802,2.23600000000000021,811,552,5822,4173);
INSERT INTO marks VALUES(569,28,2016,0,446,440,397,90.23000000000000397,7.016000000000000014,1.804000000000000047,97,93,343,304);
INSERT INTO marks VALUES(570,29,2016,0,945,895,709,79.21999999999999887,6.285999999999999588,2.059000000000000164,124,90,771,619);
INSERT INTO marks VALUES(571,4,2016,1,3643,3604,1728,47.95000000000000284,4.708999999999999631,1.485000000000000097,3604,1728,0,0);
INSERT INTO marks VALUES(572,12,2016,1,91,90,75,83.3299999999999983,6.370000000000000106,1.719999999999999974,90,75,0,0);
INSERT INTO marks VALUES(573,16,2016,1,1498,1480,1096,74.04999999999999716,5.842999999999999972,1.711999999999999967,1480,1096,0,0);
INSERT INTO marks VALUES(574,17,2016,1,2145,2124,1334,62.81000000000000227,5.256999999999999674,1.721999999999999976,2124,1334,0,0);
INSERT INTO marks VALUES(575,19,2016,1,3545,3503,2344,66.90999999999999659,5.634000000000000341,1.729999999999999983,3503,2344,0,0);
INSERT INTO marks VALUES(576,20,2016,1,3,3,3,100.0,8.367000000000000882,1.568999999999999951,3,3,0,0);
INSERT INTO marks VALUES(577,26,2016,1,2,2,2,100.0,7.950000000000000177,0.3499999999999999778,2,2,0,0);
INSERT INTO marks VALUES(578,30,2016,1,3182,3142,1879,59.79999999999999716,5.174999999999999823,1.377999999999999892,3142,1879,0,0);
INSERT INTO marks VALUES(579,2,2016,1,26,23,9,39.13000000000000255,3.803999999999999826,2.133000000000000007,9,2,14,7);
INSERT INTO marks VALUES(580,3,2016,1,1016,938,453,48.28999999999999915,4.730000000000000426,2.294999999999999929,132,47,806,406);
INSERT INTO marks VALUES(581,5,2016,1,507,482,290,60.1700000000000017,5.320000000000000284,1.747999999999999999,321,196,161,94);
INSERT INTO marks VALUES(582,6,2016,1,192,184,167,90.76000000000000511,6.724999999999999645,1.445999999999999953,67,60,117,107);
INSERT INTO marks VALUES(583,7,2016,1,142,134,119,88.81000000000000227,6.30999999999999961,1.598999999999999977,31,28,103,91);
INSERT INTO marks VALUES(584,8,2016,1,444,419,259,61.81000000000000227,5.211999999999999745,1.893999999999999906,80,42,339,217);
INSERT INTO marks VALUES(585,9,2016,1,1286,1229,783,63.71000000000000085,5.350999999999999979,1.899000000000000021,394,225,835,558);
INSERT INTO marks VALUES(586,10,2016,1,30,26,14,53.85000000000000142,4.743000000000000326,1.919000000000000039,2,2,24,12);
INSERT INTO marks VALUES(587,11,2016,1,697,631,240,38.03000000000000113,3.964999999999999858,2.422000000000000152,108,26,523,214);
INSERT INTO marks VALUES(588,13,2016,1,1474,1408,773,54.89999999999999858,4.842999999999999972,1.828000000000000069,464,251,944,522);
INSERT INTO marks VALUES(589,14,2016,1,256,247,148,59.9200000000000017,5.267000000000000348,2.322999999999999954,67,37,180,111);
INSERT INTO marks VALUES(590,15,2016,1,815,777,477,61.39000000000000056,4.982999999999999652,1.75,344,215,433,262);
INSERT INTO marks VALUES(591,18,2016,1,34,30,18,60.0,4.907000000000000028,1.602999999999999981,7,3,23,15);
INSERT INTO marks VALUES(592,21,2016,1,491,471,313,66.45000000000000284,5.274000000000000021,1.657000000000000028,151,103,320,210);
INSERT INTO marks VALUES(593,22,2016,1,473,445,326,73.26000000000000511,5.669999999999999929,1.893999999999999906,190,146,255,180);
INSERT INTO marks VALUES(594,23,2016,1,63,61,38,62.29999999999999716,5.00399999999999956,1.479000000000000092,34,25,27,13);
INSERT INTO marks VALUES(595,24,2016,1,1222,1172,668,57.0,4.961000000000000298,2.08199999999999985,226,107,946,561);
INSERT INTO marks VALUES(596,25,2016,1,1658,1575,958,60.8299999999999983,5.392999999999999794,2.326000000000000067,692,453,883,505);
INSERT INTO marks VALUES(597,27,2016,1,1306,1235,500,40.49000000000000198,4.278999999999999915,2.170999999999999818,194,66,1041,434);
INSERT INTO marks VALUES(598,28,2016,1,147,144,133,92.3599999999999995,7.134000000000000341,1.570999999999999953,30,30,114,103);
INSERT INTO marks VALUES(599,29,2016,1,196,184,169,91.84999999999999431,6.633000000000000007,1.427000000000000046,54,48,130,121);
INSERT INTO marks VALUES(600,1,2016,2,10,10,10,100.0,8.335000000000000853,1.231000000000000094,10,10,0,0);
INSERT INTO marks VALUES(601,4,2016,2,21018,20941,15953,76.18000000000000683,6.027000000000000135,1.695000000000000062,20941,15953,0,0);
INSERT INTO marks VALUES(602,12,2016,2,529,527,502,95.2600000000000051,7.67900000000000027,1.528000000000000024,527,502,0,0);
INSERT INTO marks VALUES(603,16,2016,2,8814,8779,6784,77.28000000000000113,6.283999999999999809,1.917000000000000037,8779,6784,0,0);
INSERT INTO marks VALUES(604,17,2016,2,12204,12165,9850,80.96999999999999887,6.355999999999999873,1.774999999999999912,12165,9850,0,0);
INSERT INTO marks VALUES(605,19,2016,2,20450,20367,16468,80.85999999999999944,6.568999999999999951,1.834999999999999965,20367,16468,0,0);
INSERT INTO marks VALUES(606,20,2016,2,15,15,15,100.0,7.966999999999999638,1.471000000000000085,15,15,0,0);
INSERT INTO marks VALUES(607,26,2016,2,7,7,7,100.0,8.17900000000000027,0.968999999999999973,7,7,0,0);
INSERT INTO marks VALUES(608,30,2016,2,18581,18503,14484,78.28000000000000113,6.102000000000000312,1.588000000000000078,18503,14484,0,0);
INSERT INTO marks VALUES(609,2,2016,2,127,108,49,45.36999999999999745,4.453000000000000292,2.044000000000000039,33,12,75,37);
INSERT INTO marks VALUES(610,3,2016,2,6735,6451,5083,78.79000000000000626,6.516000000000000014,2.192000000000000171,634,431,5817,4652);
INSERT INTO marks VALUES(611,5,2016,2,3208,3097,2626,84.79000000000000626,6.586000000000000298,1.685000000000000053,2304,2003,793,623);
INSERT INTO marks VALUES(612,6,2016,2,773,742,700,94.3400000000000034,7.12300000000000022,1.467999999999999972,240,227,502,473);
INSERT INTO marks VALUES(613,7,2016,2,530,509,470,92.3400000000000034,6.82099999999999973,1.548999999999999933,108,101,401,369);
INSERT INTO marks VALUES(614,8,2016,2,2699,2601,1749,67.23999999999999489,5.975999999999999979,2.378000000000000113,455,293,2146,1456);
INSERT INTO marks VALUES(615,9,2016,2,6957,6813,5247,77.01000000000000511,6.171999999999999709,1.989000000000000101,1795,1249,5018,3998);
INSERT INTO marks VALUES(616,10,2016,2,195,183,137,74.85999999999999944,5.969000000000000305,2.25,11,10,172,127);
INSERT INTO marks VALUES(617,11,2016,2,4568,4277,2820,65.93000000000000683,5.676000000000000156,2.404999999999999805,673,404,3604,2416);
INSERT INTO marks VALUES(618,13,2016,2,7777,7591,6141,80.90000000000000569,6.174000000000000376,1.76200000000000001,2669,2203,4922,3938);
INSERT INTO marks VALUES(619,14,2016,2,1414,1390,1087,78.20000000000000284,6.69599999999999973,2.349000000000000198,290,203,1100,884);
INSERT INTO marks VALUES(620,15,2016,2,3897,3757,2812,74.84999999999999431,5.80799999999999983,1.903999999999999915,1722,1327,2035,1485);
INSERT INTO marks VALUES(621,18,2016,2,160,153,107,69.93000000000000683,5.847999999999999865,2.185999999999999944,60,43,93,64);
INSERT INTO marks VALUES(622,21,2016,2,2775,2723,2382,87.48000000000000397,7.019999999999999574,1.925999999999999935,785,670,1938,1712);
INSERT INTO marks VALUES(623,22,2016,2,2768,2671,2246,84.09000000000000341,6.634999999999999787,2.033999999999999808,1142,980,1529,1266);
INSERT INTO marks VALUES(624,23,2016,2,484,464,354,76.29000000000000626,5.785999999999999588,1.77299999999999991,292,247,172,107);
INSERT INTO marks VALUES(625,24,2016,2,7710,7495,5254,70.09999999999999431,6.006000000000000227,2.338999999999999969,1406,878,6089,4376);
INSERT INTO marks VALUES(626,25,2016,2,10456,10238,7859,76.76000000000000511,6.575000000000000177,2.414000000000000145,4995,4049,5243,3810);
INSERT INTO marks VALUES(627,27,2016,2,8092,7869,5226,66.40999999999999659,5.753000000000000113,2.314999999999999947,1006,619,6863,4607);
INSERT INTO marks VALUES(628,28,2016,2,593,584,530,90.75,7.044999999999999929,1.75099999999999989,127,123,457,407);
INSERT INTO marks VALUES(629,29,2016,2,1141,1079,878,81.37000000000000454,6.344999999999999752,1.969999999999999974,178,138,901,740);
INSERT INTO marks VALUES(630,1,2017,0,5,5,5,100.0,7.480000000000000426,0.958999999999999964,5,5,0,0);
INSERT INTO marks VALUES(631,4,2017,0,16782,16736,13102,78.29000000000000626,6.174000000000000376,1.703000000000000069,16736,13102,0,0);
INSERT INTO marks VALUES(632,12,2017,0,138,134,125,93.2800000000000011,8.006000000000000227,1.610999999999999988,134,125,0,0);
INSERT INTO marks VALUES(633,16,2017,0,16782,16729,14154,84.60999999999999944,6.655000000000000248,1.784999999999999921,16729,14154,0,0);
INSERT INTO marks VALUES(634,19,2017,0,16635,16580,14949,90.15999999999999659,7.173000000000000042,1.677999999999999937,16580,14949,0,0);
INSERT INTO marks VALUES(635,30,2017,0,14967,14909,12437,83.4200000000000017,6.471000000000000085,1.586000000000000076,14909,12437,0,0);
INSERT INTO marks VALUES(636,32,2017,0,127,110,100,90.90999999999999659,6.828999999999999738,1.600000000000000088,0,0,110,100);
INSERT INTO marks VALUES(637,3,2017,0,5501,5177,4100,79.20000000000000284,6.477999999999999759,2.053999999999999825,0,0,5177,4100);
INSERT INTO marks VALUES(638,33,2017,0,616,570,523,91.75,6.879999999999999894,1.752999999999999892,0,0,570,523);
INSERT INTO marks VALUES(639,7,2017,0,545,524,478,91.21999999999999887,6.775000000000000355,1.473000000000000087,0,0,524,478);
INSERT INTO marks VALUES(640,8,2017,0,2356,2190,1185,54.10999999999999944,5.285999999999999588,2.620000000000000106,0,0,2190,1185);
INSERT INTO marks VALUES(641,9,2017,0,5546,5254,4631,88.14000000000000056,7.166000000000000369,1.88700000000000001,0,0,5254,4631);
INSERT INTO marks VALUES(642,31,2017,0,673,650,531,81.68999999999999773,6.588000000000000078,2.08199999999999985,602,500,48,31);
INSERT INTO marks VALUES(643,11,2017,0,4116,3794,2850,75.12000000000000454,6.299000000000000376,2.338999999999999969,0,0,3794,2850);
INSERT INTO marks VALUES(644,38,2017,0,195,139,63,45.32000000000000028,4.44200000000000017,2.31700000000000017,0,0,139,63);
INSERT INTO marks VALUES(645,13,2017,0,5441,5098,4036,79.1700000000000017,5.927999999999999937,1.719000000000000083,0,0,5098,4036);
INSERT INTO marks VALUES(646,14,2017,0,1607,1536,1380,89.84000000000000341,7.610999999999999766,2.064999999999999947,0,0,1536,1380);
INSERT INTO marks VALUES(647,15,2017,0,2189,1884,1522,80.79000000000000626,6.339000000000000412,2.064000000000000056,0,0,1884,1522);
INSERT INTO marks VALUES(648,17,2017,0,1547,1240,1118,90.15999999999999659,7.043000000000000149,1.923000000000000042,0,0,1240,1118);
INSERT INTO marks VALUES(649,21,2017,0,2398,2380,1863,78.28000000000000113,6.306000000000000049,2.05699999999999994,2199,1745,181,118);
INSERT INTO marks VALUES(650,24,2017,0,8942,8879,6458,72.73000000000000397,6.235999999999999766,2.31800000000000006,8252,6108,627,350);
INSERT INTO marks VALUES(651,25,2017,0,6788,6657,4388,65.9200000000000017,5.719000000000000305,2.279999999999999804,5666,3773,991,615);
INSERT INTO marks VALUES(652,27,2017,0,6537,6151,4553,74.01999999999999603,6.277999999999999581,2.205999999999999961,0,0,6151,4553);
INSERT INTO marks VALUES(653,4,2017,1,3068,3029,1806,59.61999999999999745,5.084999999999999965,1.524000000000000021,3029,1806,0,0);
INSERT INTO marks VALUES(654,12,2017,1,34,32,25,78.12999999999999546,6.046999999999999709,1.788000000000000033,32,25,0,0);
INSERT INTO marks VALUES(655,16,2017,1,3068,3027,1897,62.6700000000000017,5.416999999999999816,1.830000000000000071,3027,1897,0,0);
INSERT INTO marks VALUES(656,19,2017,1,3034,2985,1948,65.26000000000000511,5.600999999999999979,1.778000000000000024,2985,1948,0,0);
INSERT INTO marks VALUES(657,30,2017,1,2705,2661,1862,69.96999999999999887,5.589999999999999858,1.433999999999999942,2661,1862,0,0);
INSERT INTO marks VALUES(658,32,2017,1,44,39,32,82.04999999999999716,6.278999999999999915,1.743000000000000104,0,0,39,32);
INSERT INTO marks VALUES(659,3,2017,1,949,838,495,59.07000000000000028,5.325999999999999624,2.212000000000000189,0,0,838,495);
INSERT INTO marks VALUES(660,33,2017,1,190,174,156,89.65999999999999659,6.514999999999999681,1.572999999999999954,0,0,174,156);
INSERT INTO marks VALUES(661,7,2017,1,176,165,138,83.64000000000000056,6.248999999999999667,1.62400000000000011,0,0,165,138);
INSERT INTO marks VALUES(662,8,2017,1,429,389,193,49.60999999999999944,4.769000000000000127,2.079000000000000182,0,0,389,193);
INSERT INTO marks VALUES(663,9,2017,1,1061,958,484,50.52000000000000312,4.633000000000000007,1.844999999999999974,0,0,958,484);
INSERT INTO marks VALUES(664,31,2017,1,211,207,167,80.68000000000000683,6.214000000000000412,1.770000000000000017,198,161,9,6);
INSERT INTO marks VALUES(665,11,2017,1,659,586,338,57.67999999999999972,5.083999999999999631,2.309000000000000163,0,0,586,338);
INSERT INTO marks VALUES(666,38,2017,1,38,31,15,48.39000000000000056,4.38600000000000012,1.455000000000000071,0,0,31,15);
INSERT INTO marks VALUES(667,13,2017,1,1104,1008,481,47.71999999999999887,4.322000000000000063,1.901999999999999913,0,0,1008,481);
INSERT INTO marks VALUES(668,14,2017,1,268,247,146,59.10999999999999944,5.168999999999999595,2.24900000000000011,0,0,247,146);
INSERT INTO marks VALUES(669,15,2017,1,464,391,245,62.65999999999999659,5.142000000000000348,1.860000000000000097,0,0,391,245);
INSERT INTO marks VALUES(670,17,2017,1,378,317,230,72.56000000000000227,5.641000000000000014,2.186999999999999833,0,0,317,230);
INSERT INTO marks VALUES(671,21,2017,1,442,431,285,66.12999999999999546,5.397000000000000241,1.909999999999999921,393,255,38,30);
INSERT INTO marks VALUES(672,24,2017,1,1689,1648,343,20.80999999999999873,3.342999999999999972,1.832999999999999963,1284,212,364,131);
INSERT INTO marks VALUES(673,25,2017,1,1414,1379,706,51.20000000000000284,4.772000000000000241,2.400999999999999802,1152,564,227,142);
INSERT INTO marks VALUES(674,27,2017,1,1187,1099,541,49.22999999999999688,4.86399999999999988,2.353000000000000202,0,0,1099,541);
INSERT INTO marks VALUES(675,1,2017,2,5,5,5,100.0,7.480000000000000426,0.958999999999999964,5,5,0,0);
INSERT INTO marks VALUES(676,4,2017,2,19850,19765,14908,75.43000000000000683,6.006999999999999674,1.721999999999999976,19765,14908,0,0);
INSERT INTO marks VALUES(677,12,2017,2,172,166,150,90.35999999999999944,7.62899999999999956,1.818999999999999951,166,150,0,0);
INSERT INTO marks VALUES(678,16,2017,2,19850,19756,16051,81.25,6.464999999999999858,1.846999999999999976,19756,16051,0,0);
INSERT INTO marks VALUES(679,19,2017,2,19669,19565,16897,86.35999999999999944,6.93299999999999983,1.784999999999999921,19565,16897,0,0);
INSERT INTO marks VALUES(680,30,2017,2,17672,17570,14299,81.37999999999999546,6.336999999999999745,1.596000000000000085,17570,14299,0,0);
INSERT INTO marks VALUES(681,32,2017,2,171,149,132,88.59000000000000341,6.68499999999999961,1.657000000000000028,0,0,149,132);
INSERT INTO marks VALUES(682,3,2017,2,6450,6015,4595,76.39000000000000056,6.317999999999999617,2.115000000000000214,0,0,6015,4595);
INSERT INTO marks VALUES(683,33,2017,2,806,744,679,91.26000000000000511,6.794999999999999929,1.719999999999999974,0,0,744,679);
INSERT INTO marks VALUES(684,7,2017,2,721,689,616,89.40000000000000569,6.649000000000000021,1.526999999999999913,0,0,689,616);
INSERT INTO marks VALUES(685,8,2017,2,2785,2579,1378,53.42999999999999972,5.208000000000000184,2.552999999999999937,0,0,2579,1378);
INSERT INTO marks VALUES(686,9,2017,2,6607,6212,5115,82.34000000000000341,6.775000000000000355,2.091000000000000192,0,0,6212,5115);
INSERT INTO marks VALUES(687,31,2017,2,884,857,698,81.45000000000000284,6.496999999999999887,2.016999999999999905,800,661,57,37);
INSERT INTO marks VALUES(688,11,2017,2,4775,4380,3188,72.79000000000000626,6.136999999999999567,2.370999999999999997,0,0,4380,3188);
INSERT INTO marks VALUES(689,38,2017,2,233,170,78,45.88000000000000255,4.432000000000000384,2.185000000000000053,0,0,170,78);
INSERT INTO marks VALUES(690,13,2017,2,6545,6106,4517,73.98000000000000397,5.663000000000000255,1.848999999999999977,0,0,6106,4517);
INSERT INTO marks VALUES(691,14,2017,2,1875,1783,1526,85.59000000000000341,7.272999999999999688,2.254999999999999894,0,0,1783,1526);
INSERT INTO marks VALUES(692,15,2017,2,2653,2275,1767,77.6700000000000017,6.133000000000000007,2.080000000000000071,0,0,2275,1767);
INSERT INTO marks VALUES(693,17,2017,2,1925,1557,1348,86.5799999999999983,6.756999999999999674,2.057999999999999829,0,0,1557,1348);
INSERT INTO marks VALUES(694,21,2017,2,2840,2811,2148,76.40999999999999659,6.166999999999999816,2.060999999999999944,2592,2000,219,148);
INSERT INTO marks VALUES(695,24,2017,2,10631,10527,6801,64.60999999999999944,5.783000000000000362,2.482000000000000206,9536,6320,991,481);
INSERT INTO marks VALUES(696,25,2017,2,8202,8036,5094,63.39000000000000056,5.556000000000000049,2.329000000000000181,6818,4337,1218,757);
INSERT INTO marks VALUES(697,27,2017,2,7724,7250,5094,70.26000000000000511,6.064000000000000056,2.286000000000000031,0,0,7250,5094);
INSERT INTO marks VALUES(698,1,2018,0,10,10,10,100.0,7.713000000000000078,1.403999999999999915,10,10,0,0);
INSERT INTO marks VALUES(699,4,2018,0,18453,18397,14639,79.56999999999999317,6.224999999999999645,1.699000000000000065,18397,14639,0,0);
INSERT INTO marks VALUES(700,12,2018,0,487,486,470,96.7099999999999938,7.905999999999999695,1.491999999999999993,486,470,0,0);
INSERT INTO marks VALUES(701,16,2018,0,18453,18408,16283,88.45999999999999374,6.916999999999999816,1.677000000000000046,18408,16283,0,0);
INSERT INTO marks VALUES(702,19,2018,0,17942,17901,14519,81.10999999999999944,6.714999999999999858,1.963999999999999969,17901,14519,0,0);
INSERT INTO marks VALUES(703,20,2018,0,8,8,8,100.0,8.230999999999999873,1.252000000000000001,8,8,0,0);
INSERT INTO marks VALUES(704,30,2018,0,16445,16397,13609,83.0,6.37699999999999978,1.564000000000000056,16397,13609,0,0);
INSERT INTO marks VALUES(705,32,2018,0,177,164,156,95.1200000000000045,7.11399999999999988,1.393999999999999906,0,0,164,156);
INSERT INTO marks VALUES(706,3,2018,0,5689,5261,3898,74.09000000000000341,6.224999999999999645,2.20699999999999985,0,0,5261,3898);
INSERT INTO marks VALUES(707,33,2018,0,699,655,596,90.98999999999999489,6.985000000000000319,1.635000000000000008,0,0,655,596);
INSERT INTO marks VALUES(708,7,2018,0,591,569,505,88.75,6.543999999999999595,1.532000000000000028,0,0,569,505);
INSERT INTO marks VALUES(709,8,2018,0,2588,2312,1680,72.65999999999999659,6.280999999999999695,2.38600000000000012,0,0,2312,1680);
INSERT INTO marks VALUES(710,9,2018,0,5823,5522,4449,80.56999999999999317,6.557000000000000383,1.993999999999999995,0,0,5522,4449);
INSERT INTO marks VALUES(711,31,2018,0,737,722,594,82.26999999999999603,6.660000000000000142,2.197999999999999954,676,568,46,26);
INSERT INTO marks VALUES(712,11,2018,0,4735,4401,3292,74.79999999999999716,6.306000000000000049,2.414000000000000145,0,0,4401,3292);
INSERT INTO marks VALUES(713,38,2018,0,279,185,124,67.03000000000000113,5.543000000000000149,2.024000000000000021,0,0,185,124);
INSERT INTO marks VALUES(714,13,2018,0,5805,5305,3286,61.93999999999999773,5.331999999999999851,2.43199999999999994,0,0,5305,3286);
INSERT INTO marks VALUES(715,14,2018,0,1518,1446,1126,77.87000000000000454,6.459999999999999965,2.314000000000000056,0,0,1446,1126);
INSERT INTO marks VALUES(716,15,2018,0,2207,1873,1388,74.10999999999999944,5.940999999999999837,2.337000000000000188,0,0,1873,1388);
INSERT INTO marks VALUES(717,17,2018,0,2548,2242,1791,79.87999999999999546,6.358999999999999986,2.26399999999999979,0,0,2242,1791);
INSERT INTO marks VALUES(718,21,2018,0,2276,2266,1699,74.98000000000000397,6.352999999999999759,2.154999999999999804,2166,1627,100,72);
INSERT INTO marks VALUES(719,24,2018,0,9763,9713,8336,85.81999999999999317,7.166999999999999816,2.169000000000000039,9170,7954,543,382);
INSERT INTO marks VALUES(720,25,2018,0,7318,7186,4668,64.95999999999999374,5.594999999999999752,2.285000000000000143,6394,4141,792,527);
INSERT INTO marks VALUES(721,27,2018,0,7002,6627,4352,65.6700000000000017,5.719000000000000305,2.306000000000000049,0,0,6627,4352);
INSERT INTO marks VALUES(722,4,2018,1,3307,3242,1568,48.36999999999999745,4.727000000000000312,1.502000000000000001,3242,1568,0,0);
INSERT INTO marks VALUES(723,12,2018,1,92,90,65,72.21999999999999887,6.222000000000000419,1.73799999999999999,90,65,0,0);
INSERT INTO marks VALUES(724,16,2018,1,3307,3260,1992,61.10000000000000142,5.282000000000000028,1.840000000000000079,3260,1992,0,0);
INSERT INTO marks VALUES(725,19,2018,1,3212,3167,2137,67.48000000000000397,5.76100000000000012,1.790000000000000035,3167,2137,0,0);
INSERT INTO marks VALUES(726,20,2018,1,2,2,2,100.0,7.950000000000000177,0.1499999999999999945,2,2,0,0);
INSERT INTO marks VALUES(727,30,2018,1,2916,2861,1465,51.21000000000000085,4.847999999999999865,1.366000000000000103,2861,1465,0,0);
INSERT INTO marks VALUES(728,32,2018,1,48,41,33,80.48999999999999489,5.841000000000000191,1.447999999999999954,0,0,41,33);
INSERT INTO marks VALUES(729,3,2018,1,897,774,357,46.11999999999999745,4.641000000000000014,2.383999999999999897,0,0,774,357);
INSERT INTO marks VALUES(730,33,2018,1,156,146,132,90.40999999999999659,6.235999999999999766,1.417000000000000037,0,0,146,132);
INSERT INTO marks VALUES(731,7,2018,1,147,138,114,82.60999999999999944,5.903999999999999915,1.526999999999999913,0,0,138,114);
INSERT INTO marks VALUES(732,8,2018,1,413,360,192,53.3299999999999983,4.980999999999999873,2.153000000000000024,0,0,360,192);
INSERT INTO marks VALUES(733,9,2018,1,1192,1057,536,50.71000000000000085,4.676000000000000156,1.87599999999999989,0,0,1057,536);
INSERT INTO marks VALUES(734,31,2018,1,185,179,135,75.4200000000000017,5.87100000000000044,2.076999999999999958,167,127,12,8);
INSERT INTO marks VALUES(735,11,2018,1,642,548,191,34.85000000000000142,3.838999999999999969,2.436999999999999834,0,0,548,191);
INSERT INTO marks VALUES(736,38,2018,1,56,36,17,47.21999999999999887,4.641000000000000014,2.423000000000000042,0,0,36,17);
INSERT INTO marks VALUES(737,13,2018,1,1158,1006,576,57.25999999999999802,4.860000000000000319,2.044999999999999929,0,0,1006,576);
INSERT INTO marks VALUES(738,14,2018,1,230,202,148,73.26999999999999603,5.823000000000000397,2.301000000000000157,0,0,202,148);
INSERT INTO marks VALUES(739,15,2018,1,503,416,269,64.65999999999999659,5.110999999999999766,1.883999999999999897,0,0,416,269);
INSERT INTO marks VALUES(740,17,2018,1,538,459,280,61.0,4.985000000000000319,1.836999999999999967,0,0,459,280);
INSERT INTO marks VALUES(741,21,2018,1,429,423,254,60.04999999999999716,5.221000000000000085,2.056000000000000049,415,249,8,5);
INSERT INTO marks VALUES(742,24,2018,1,1558,1517,525,34.60999999999999944,3.978000000000000202,2.06800000000000006,1314,398,203,127);
INSERT INTO marks VALUES(743,25,2018,1,1595,1554,417,26.8299999999999983,3.601999999999999869,1.905000000000000026,1367,330,187,87);
INSERT INTO marks VALUES(744,27,2018,1,1118,1009,570,56.49000000000000198,5.198000000000000397,2.383999999999999897,0,0,1009,570);
INSERT INTO marks VALUES(745,1,2018,2,10,10,10,100.0,7.713000000000000078,1.403999999999999915,10,10,0,0);
INSERT INTO marks VALUES(746,4,2018,2,21760,21639,16207,74.90000000000000569,6.001000000000000333,1.754000000000000003,21639,16207,0,0);
INSERT INTO marks VALUES(747,12,2018,2,579,576,535,92.8799999999999955,7.642999999999999794,1.651000000000000023,576,535,0,0);
INSERT INTO marks VALUES(748,16,2018,2,21760,21668,18275,84.34000000000000341,6.671000000000000262,1.800000000000000044,21668,18275,0,0);
INSERT INTO marks VALUES(749,19,2018,2,21154,21068,16656,79.06000000000000227,6.572000000000000063,1.969000000000000083,21068,16656,0,0);
INSERT INTO marks VALUES(750,20,2018,2,10,10,10,100.0,8.175000000000000711,1.127000000000000001,10,10,0,0);
INSERT INTO marks VALUES(751,30,2018,2,19361,19258,15074,78.26999999999999603,6.150000000000000355,1.629999999999999894,19258,15074,0,0);
INSERT INTO marks VALUES(752,32,2018,2,225,205,189,92.20000000000000284,6.858999999999999986,1.493999999999999995,0,0,205,189);
INSERT INTO marks VALUES(753,3,2018,2,6586,6035,4255,70.51000000000000511,6.022000000000000241,2.29300000000000015,0,0,6035,4255);
INSERT INTO marks VALUES(754,33,2018,2,855,801,728,90.89000000000000056,6.847999999999999865,1.622999999999999999,0,0,801,728);
INSERT INTO marks VALUES(755,7,2018,2,738,707,619,87.54999999999999716,6.418999999999999595,1.552000000000000046,0,0,707,619);
INSERT INTO marks VALUES(756,8,2018,2,3001,2672,1872,70.06000000000000227,6.105999999999999873,2.396999999999999798,0,0,2672,1872);
INSERT INTO marks VALUES(757,9,2018,2,7015,6579,4985,75.76999999999999603,6.254999999999999894,2.092999999999999972,0,0,6579,4985);
INSERT INTO marks VALUES(758,31,2018,2,922,901,729,80.90999999999999659,6.503000000000000113,2.197000000000000063,843,695,58,34);
INSERT INTO marks VALUES(759,11,2018,2,5377,4949,3483,70.37999999999999546,6.033000000000000362,2.537999999999999812,0,0,4949,3483);
INSERT INTO marks VALUES(760,38,2018,2,335,221,141,63.79999999999999716,5.395999999999999908,2.120999999999999997,0,0,221,141);
INSERT INTO marks VALUES(761,13,2018,2,6963,6311,3862,61.18999999999999773,5.256999999999999674,2.380999999999999784,0,0,6311,3862);
INSERT INTO marks VALUES(762,14,2018,2,1748,1648,1274,77.31000000000000227,6.381999999999999674,2.322000000000000063,0,0,1648,1274);
INSERT INTO marks VALUES(763,15,2018,2,2710,2289,1657,72.39000000000000056,5.790000000000000035,2.283999999999999808,0,0,2289,1657);
INSERT INTO marks VALUES(764,17,2018,2,3086,2701,2071,76.68000000000000683,6.125,2.257000000000000117,0,0,2701,2071);
INSERT INTO marks VALUES(765,21,2018,2,2705,2689,1953,72.62999999999999546,6.174999999999999823,2.178999999999999825,2581,1876,108,77);
INSERT INTO marks VALUES(766,24,2018,2,11321,11230,8861,78.90000000000000569,6.735999999999999766,2.415000000000000035,10484,8352,746,509);
INSERT INTO marks VALUES(767,25,2018,2,8913,8740,5085,58.17999999999999972,5.240999999999999659,2.349000000000000198,7761,4471,979,614);
INSERT INTO marks VALUES(768,27,2018,2,8120,7636,4922,64.45999999999999374,5.650000000000000355,2.322999999999999954,0,0,7636,4922);
INSERT INTO marks VALUES(769,4,2019,0,18131,18070,13457,74.46999999999999887,5.990000000000000213,1.764999999999999903,18070,13457,0,0);
INSERT INTO marks VALUES(770,16,2019,0,18131,18080,15511,85.79000000000000626,6.735000000000000319,1.772000000000000019,18080,15511,0,0);
INSERT INTO marks VALUES(771,30,2019,0,16105,16062,12899,80.31000000000000227,6.301999999999999603,1.57899999999999996,16062,12899,0,0);
INSERT INTO marks VALUES(772,1,2019,0,36,26,24,92.3100000000000022,7.222999999999999865,1.913999999999999924,7,7,19,17);
INSERT INTO marks VALUES(773,32,2019,0,185,166,158,95.1800000000000069,7.490999999999999659,1.717000000000000081,0,0,166,158);
INSERT INTO marks VALUES(774,3,2019,0,5688,5268,4132,78.43999999999999773,6.280999999999999695,1.99900000000000011,0,0,5268,4132);
INSERT INTO marks VALUES(775,33,2019,0,675,631,592,93.8199999999999931,7.068999999999999951,1.620999999999999997,0,0,631,592);
INSERT INTO marks VALUES(776,7,2019,0,548,527,461,87.48000000000000397,6.588000000000000078,1.709999999999999965,0,0,527,461);
INSERT INTO marks VALUES(777,8,2019,0,2517,2386,1917,80.34000000000000341,6.488000000000000433,1.903999999999999915,0,0,2386,1917);
INSERT INTO marks VALUES(778,9,2019,0,5316,4937,4248,86.04000000000000626,6.910999999999999588,1.927999999999999937,0,0,4937,4248);
INSERT INTO marks VALUES(779,31,2019,0,769,751,602,80.15999999999999659,6.56500000000000039,2.190999999999999836,714,582,37,20);
INSERT INTO marks VALUES(780,11,2019,0,4312,4082,2880,70.54999999999999716,6.030999999999999695,2.435999999999999944,0,0,4082,2880);
INSERT INTO marks VALUES(781,12,2019,0,533,458,454,99.1299999999999955,8.266000000000000014,1.26200000000000001,136,133,322,321);
INSERT INTO marks VALUES(782,38,2019,0,174,145,103,71.03000000000000113,5.589999999999999858,2.121999999999999887,0,0,145,103);
INSERT INTO marks VALUES(783,13,2019,0,4924,4394,3200,72.8299999999999983,5.842999999999999972,2.036000000000000031,0,0,4394,3200);
INSERT INTO marks VALUES(784,14,2019,0,1310,1212,867,71.53000000000000113,6.105999999999999873,2.494000000000000216,0,0,1212,867);
INSERT INTO marks VALUES(785,15,2019,0,1886,1566,1198,76.5,6.00399999999999956,2.248000000000000221,0,0,1566,1198);
INSERT INTO marks VALUES(786,17,2019,0,5442,4600,3761,81.76000000000000511,6.32099999999999973,2.029999999999999804,0,0,4600,3761);
INSERT INTO marks VALUES(787,19,2019,0,18044,17974,15693,87.31000000000000227,7.150000000000000355,1.856999999999999985,17927,15653,47,40);
INSERT INTO marks VALUES(788,20,2019,0,20,16,16,100.0,7.849999999999999645,1.356999999999999985,0,0,16,16);
INSERT INTO marks VALUES(789,21,2019,0,2155,2136,1785,83.56999999999999317,6.610000000000000319,1.881000000000000005,2041,1712,95,73);
INSERT INTO marks VALUES(790,24,2019,0,9852,9790,4208,42.97999999999999687,4.477999999999999759,2.36399999999999988,9240,4045,550,163);
INSERT INTO marks VALUES(791,25,2019,0,6856,6735,4638,68.85999999999999944,5.796999999999999709,2.13600000000000012,6084,4195,651,443);
INSERT INTO marks VALUES(792,27,2019,0,6693,6421,4287,66.76999999999999603,5.727000000000000312,2.279999999999999804,0,0,6421,4287);
INSERT INTO marks VALUES(793,4,2019,1,3230,3167,1641,51.82000000000000028,4.892999999999999794,1.655999999999999917,3167,1641,0,0);
INSERT INTO marks VALUES(794,16,2019,1,3230,3182,1772,55.68999999999999773,5.043999999999999595,1.764000000000000012,3182,1772,0,0);
INSERT INTO marks VALUES(795,30,2019,1,2826,2782,1503,54.03000000000000113,5.027000000000000135,1.552000000000000046,2782,1503,0,0);
INSERT INTO marks VALUES(796,1,2019,1,5,4,4,100.0,8.199999999999999289,1.282999999999999919,0,0,4,4);
INSERT INTO marks VALUES(797,32,2019,1,43,32,27,84.37999999999999546,6.395999999999999908,1.92100000000000004,0,0,32,27);
INSERT INTO marks VALUES(798,3,2019,1,1115,947,594,62.71999999999999887,5.522999999999999688,2.11299999999999999,0,0,947,594);
INSERT INTO marks VALUES(799,33,2019,1,152,138,107,77.54000000000000626,5.674000000000000376,1.57899999999999996,0,0,138,107);
INSERT INTO marks VALUES(800,7,2019,1,136,126,97,76.98000000000000397,5.711999999999999745,1.572999999999999954,0,0,126,97);
INSERT INTO marks VALUES(801,8,2019,1,455,415,308,74.21999999999999887,6.181000000000000049,2.145999999999999908,0,0,415,308);
INSERT INTO marks VALUES(802,9,2019,1,967,862,539,62.53000000000000113,5.283000000000000362,2.084999999999999965,0,0,862,539);
INSERT INTO marks VALUES(803,31,2019,1,187,174,91,52.29999999999999716,4.897999999999999688,2.033999999999999808,165,87,9,4);
INSERT INTO marks VALUES(804,11,2019,1,756,665,243,36.53999999999999915,3.995000000000000106,2.463999999999999969,0,0,665,243);
INSERT INTO marks VALUES(805,12,2019,1,87,79,70,88.60999999999999944,6.777999999999999581,1.687000000000000055,31,28,48,42);
INSERT INTO marks VALUES(806,38,2019,1,49,40,29,72.5,5.368000000000000326,1.364000000000000101,0,0,40,29);
INSERT INTO marks VALUES(807,13,2019,1,927,800,553,69.12999999999999546,5.448999999999999844,1.788000000000000033,0,0,800,553);
INSERT INTO marks VALUES(808,14,2019,1,187,168,108,64.29000000000000626,5.083999999999999631,2.181000000000000049,0,0,168,108);
INSERT INTO marks VALUES(809,15,2019,1,389,312,165,52.88000000000000255,4.464999999999999858,2.257000000000000117,0,0,312,165);
INSERT INTO marks VALUES(810,17,2019,1,990,809,499,61.67999999999999972,5.073999999999999844,2.202999999999999847,0,0,809,499);
INSERT INTO marks VALUES(811,19,2019,1,3203,3137,2107,67.1700000000000017,5.727999999999999759,1.794000000000000039,3133,2103,4,4);
INSERT INTO marks VALUES(812,20,2019,1,2,2,2,100.0,7.950000000000000177,0.3499999999999999778,0,0,2,2);
INSERT INTO marks VALUES(813,21,2019,1,360,352,242,68.75,5.578000000000000291,2.075000000000000178,341,235,11,7);
INSERT INTO marks VALUES(814,24,2019,1,2197,2152,1001,46.50999999999999802,4.570999999999999729,2.36399999999999988,1512,521,640,480);
INSERT INTO marks VALUES(815,25,2019,1,1366,1325,488,36.8299999999999983,4.091000000000000191,2.11399999999999988,1166,406,159,82);
INSERT INTO marks VALUES(816,27,2019,1,1446,1324,790,59.6700000000000017,5.357000000000000206,2.283999999999999808,0,0,1324,790);
INSERT INTO marks VALUES(817,4,2019,2,21361,21241,15101,71.09000000000000341,5.825999999999999624,1.792000000000000037,21241,15101,0,0);
INSERT INTO marks VALUES(818,16,2019,2,21361,21266,17287,81.29000000000000626,6.482000000000000206,1.870999999999999997,21266,17287,0,0);
INSERT INTO marks VALUES(819,30,2019,2,18931,18848,14405,76.43000000000000683,6.11399999999999988,1.637999999999999901,18848,14405,0,0);
INSERT INTO marks VALUES(820,1,2019,2,41,30,28,93.3299999999999983,7.352999999999999759,1.872000000000000108,7,7,23,21);
INSERT INTO marks VALUES(821,32,2019,2,228,198,185,93.4300000000000069,7.314000000000000056,1.796999999999999931,0,0,198,185);
INSERT INTO marks VALUES(822,3,2019,2,6803,6217,4728,76.04999999999999716,6.166000000000000369,2.035000000000000143,0,0,6217,4728);
INSERT INTO marks VALUES(823,33,2019,2,827,769,699,90.90000000000000569,6.817999999999999617,1.699999999999999956,0,0,769,699);
INSERT INTO marks VALUES(824,7,2019,2,684,653,558,85.45000000000000284,6.418999999999999595,1.719999999999999974,0,0,653,558);
INSERT INTO marks VALUES(825,8,2019,2,2972,2802,2226,79.43999999999999773,6.442999999999999617,1.945000000000000062,0,0,2802,2226);
INSERT INTO marks VALUES(826,9,2019,2,6283,5799,4787,82.54999999999999716,6.668999999999999595,2.036000000000000031,0,0,5799,4787);
INSERT INTO marks VALUES(827,31,2019,2,956,925,693,74.9200000000000017,6.251000000000000333,2.258000000000000007,879,669,46,24);
INSERT INTO marks VALUES(828,11,2019,2,5068,4748,3123,65.78000000000000113,5.745000000000000106,2.540000000000000035,0,0,4748,3123);
INSERT INTO marks VALUES(829,12,2019,2,620,537,524,97.5799999999999983,8.047000000000000597,1.433000000000000051,167,161,370,363);
INSERT INTO marks VALUES(830,38,2019,2,223,185,132,71.34999999999999431,5.541999999999999816,1.985000000000000097,0,0,185,132);
INSERT INTO marks VALUES(831,13,2019,2,5851,5194,3753,72.26000000000000511,5.782000000000000028,2.004999999999999894,0,0,5194,3753);
INSERT INTO marks VALUES(832,14,2019,2,1497,1380,975,70.65000000000000569,5.982000000000000206,2.479999999999999983,0,0,1380,975);
INSERT INTO marks VALUES(833,15,2019,2,2275,1878,1363,72.5799999999999983,5.74800000000000022,2.322000000000000063,0,0,1878,1363);
INSERT INTO marks VALUES(834,17,2019,2,6431,5410,4261,78.76000000000000511,6.134999999999999787,2.104999999999999983,0,0,5410,4261);
INSERT INTO marks VALUES(835,19,2019,2,21247,21115,17803,84.31000000000000227,6.939000000000000056,1.915999999999999926,21064,17759,51,44);
INSERT INTO marks VALUES(836,20,2019,2,22,18,18,100.0,7.860999999999999766,1.284999999999999921,0,0,18,18);
INSERT INTO marks VALUES(837,21,2019,2,2515,2488,2027,81.46999999999999887,6.464000000000000412,1.94300000000000006,2382,1947,106,80);
INSERT INTO marks VALUES(838,24,2019,2,12049,11946,5211,43.61999999999999745,4.495000000000000106,2.36399999999999988,10756,4568,1190,643);
INSERT INTO marks VALUES(839,25,2019,2,8222,8060,5126,63.60000000000000142,5.516000000000000014,2.224000000000000199,7250,4601,810,525);
INSERT INTO marks VALUES(840,27,2019,2,8139,7748,5078,65.54000000000000626,5.663999999999999702,2.285000000000000143,0,0,7748,5078);
INSERT INTO marks VALUES(841,4,2020,0,21369,21252,18382,86.5,6.730999999999999873,1.657999999999999919,21252,18382,0,0);
INSERT INTO marks VALUES(842,16,2020,0,21369,21266,17302,81.35999999999999944,6.506000000000000227,1.901000000000000023,21266,17302,0,0);
INSERT INTO marks VALUES(843,30,2020,0,18860,18768,15875,84.59000000000000341,6.634999999999999787,1.681000000000000049,18768,15875,0,0);
INSERT INTO marks VALUES(844,1,2020,0,52,44,41,93.1800000000000069,7.152000000000000135,1.830000000000000071,4,4,40,37);
INSERT INTO marks VALUES(845,32,2020,0,293,263,239,90.87000000000000454,7.027999999999999581,1.689000000000000056,0,0,263,239);
INSERT INTO marks VALUES(846,3,2020,0,6592,6056,5028,83.03000000000000113,6.873999999999999667,2.075000000000000178,0,0,6056,5028);
INSERT INTO marks VALUES(847,33,2020,0,924,833,783,94.0,7.203999999999999738,1.62400000000000011,0,0,833,783);
INSERT INTO marks VALUES(848,7,2020,0,661,612,526,85.95000000000000284,6.306000000000000049,1.594000000000000083,0,0,612,526);
INSERT INTO marks VALUES(849,8,2020,0,2814,2612,1947,74.54000000000000626,6.424999999999999823,2.350000000000000088,0,0,2612,1947);
INSERT INTO marks VALUES(850,9,2020,0,6487,6104,5237,85.79999999999999716,7.097000000000000419,2.083000000000000185,0,0,6104,5237);
INSERT INTO marks VALUES(851,31,2020,0,1049,1024,869,84.85999999999999944,6.953000000000000291,2.020999999999999908,981,833,43,36);
INSERT INTO marks VALUES(852,11,2020,0,4741,4366,3162,72.4200000000000017,6.19599999999999973,2.475000000000000088,0,0,4366,3162);
INSERT INTO marks VALUES(853,12,2020,0,669,609,581,95.4000000000000056,7.899000000000000021,1.576999999999999958,197,184,412,397);
INSERT INTO marks VALUES(854,38,2020,0,212,163,140,85.89000000000000056,6.395999999999999908,1.92100000000000004,0,0,163,140);
INSERT INTO marks VALUES(855,13,2020,0,5313,4548,3265,71.79000000000000626,5.733999999999999986,1.981999999999999985,0,0,4548,3265);
INSERT INTO marks VALUES(856,14,2020,0,1423,1318,1137,86.26999999999999603,7.397999999999999688,2.185999999999999944,0,0,1318,1137);
INSERT INTO marks VALUES(857,15,2020,0,2144,1828,1381,75.54999999999999716,6.097999999999999865,2.265000000000000124,0,0,1828,1381);
INSERT INTO marks VALUES(858,17,2020,0,6227,5048,3920,77.65000000000000569,6.171999999999999709,2.169999999999999929,0,0,5048,3920);
INSERT INTO marks VALUES(859,19,2020,0,21260,21134,17711,83.79999999999999716,6.931000000000000049,1.947000000000000063,21051,17633,83,78);
INSERT INTO marks VALUES(860,20,2020,0,21,21,21,100.0,8.057000000000000383,1.760999999999999899,0,0,21,21);
INSERT INTO marks VALUES(861,21,2020,0,2413,2391,1865,78.0,6.365999999999999659,1.945999999999999953,2300,1790,91,75);
INSERT INTO marks VALUES(862,24,2020,0,11345,11217,8470,75.51000000000000511,6.697000000000000063,2.649999999999999912,10403,7869,814,601);
INSERT INTO marks VALUES(863,25,2020,0,8510,8334,6323,75.87000000000000454,6.37100000000000044,2.303999999999999825,7562,5707,772,616);
INSERT INTO marks VALUES(864,27,2020,0,7660,7138,5552,77.78000000000000113,6.469999999999999752,2.166999999999999815,0,0,7138,5552);
INSERT INTO marks VALUES(865,4,2020,1,21369,21252,18382,86.5,6.730999999999999873,1.657999999999999919,21252,18382,0,0);
INSERT INTO marks VALUES(866,16,2020,1,21369,21266,17302,81.35999999999999944,6.506000000000000227,1.901000000000000023,21266,17302,0,0);
INSERT INTO marks VALUES(867,30,2020,1,18860,18768,15875,84.59000000000000341,6.634999999999999787,1.681000000000000049,18768,15875,0,0);
INSERT INTO marks VALUES(868,1,2020,1,52,44,41,93.1800000000000069,7.152000000000000135,1.830000000000000071,4,4,40,37);
INSERT INTO marks VALUES(869,32,2020,1,293,263,239,90.87000000000000454,7.027999999999999581,1.689000000000000056,0,0,263,239);
INSERT INTO marks VALUES(870,3,2020,1,6592,6056,5028,83.03000000000000113,6.873999999999999667,2.075000000000000178,0,0,6056,5028);
INSERT INTO marks VALUES(871,33,2020,1,924,833,783,94.0,7.203999999999999738,1.62400000000000011,0,0,833,783);
INSERT INTO marks VALUES(872,7,2020,1,661,612,526,85.95000000000000284,6.306000000000000049,1.594000000000000083,0,0,612,526);
INSERT INTO marks VALUES(873,8,2020,1,2814,2612,1947,74.54000000000000626,6.424999999999999823,2.350000000000000088,0,0,2612,1947);
INSERT INTO marks VALUES(874,9,2020,1,6487,6104,5237,85.79999999999999716,7.097000000000000419,2.083000000000000185,0,0,6104,5237);
INSERT INTO marks VALUES(875,31,2020,1,1049,1024,869,84.85999999999999944,6.953000000000000291,2.020999999999999908,981,833,43,36);
INSERT INTO marks VALUES(876,11,2020,1,4741,4366,3162,72.4200000000000017,6.19599999999999973,2.475000000000000088,0,0,4366,3162);
INSERT INTO marks VALUES(877,12,2020,1,669,609,581,95.4000000000000056,7.899000000000000021,1.576999999999999958,197,184,412,397);
INSERT INTO marks VALUES(878,38,2020,1,212,163,140,85.89000000000000056,6.395999999999999908,1.92100000000000004,0,0,163,140);
INSERT INTO marks VALUES(879,13,2020,1,5313,4548,3265,71.79000000000000626,5.733999999999999986,1.981999999999999985,0,0,4548,3265);
INSERT INTO marks VALUES(880,14,2020,1,1423,1318,1137,86.26999999999999603,7.397999999999999688,2.185999999999999944,0,0,1318,1137);
INSERT INTO marks VALUES(881,15,2020,1,2144,1828,1381,75.54999999999999716,6.097999999999999865,2.265000000000000124,0,0,1828,1381);
INSERT INTO marks VALUES(882,17,2020,1,6227,5048,3920,77.65000000000000569,6.171999999999999709,2.169999999999999929,0,0,5048,3920);
INSERT INTO marks VALUES(883,19,2020,1,21260,21134,17711,83.79999999999999716,6.931000000000000049,1.947000000000000063,21051,17633,83,78);
INSERT INTO marks VALUES(884,20,2020,1,21,21,21,100.0,8.057000000000000383,1.760999999999999899,0,0,21,21);
INSERT INTO marks VALUES(885,21,2020,1,2413,2391,1865,78.0,6.365999999999999659,1.945999999999999953,2300,1790,91,75);
INSERT INTO marks VALUES(886,24,2020,1,11345,11217,8470,75.51000000000000511,6.697000000000000063,2.649999999999999912,10403,7869,814,601);
INSERT INTO marks VALUES(887,25,2020,1,8510,8334,6323,75.87000000000000454,6.37100000000000044,2.303999999999999825,7562,5707,772,616);
INSERT INTO marks VALUES(888,27,2020,1,7660,7138,5552,77.78000000000000113,6.469999999999999752,2.166999999999999815,0,0,7138,5552);
INSERT INTO marks VALUES(889,4,2020,2,23327,23022,19664,85.40999999999999659,6.660000000000000142,1.673000000000000042,23022,19664,0,0);
INSERT INTO marks VALUES(890,16,2020,2,23327,23036,18349,79.65000000000000569,6.402999999999999581,1.937000000000000055,23036,18349,0,0);
INSERT INTO marks VALUES(891,30,2020,2,20575,20320,16866,83.0,6.546000000000000262,1.717999999999999972,20320,16866,0,0);
INSERT INTO marks VALUES(892,1,2020,2,56,45,41,91.10999999999999944,7.086999999999999745,1.860000000000000097,4,4,41,37);
INSERT INTO marks VALUES(893,32,2020,2,313,278,248,89.20999999999999374,6.92900000000000027,1.768999999999999906,0,0,278,248);
INSERT INTO marks VALUES(894,3,2020,2,7354,6608,5336,80.75,6.740000000000000213,2.13600000000000012,0,0,6608,5336);
INSERT INTO marks VALUES(895,33,2020,2,994,891,840,94.2800000000000011,7.171999999999999709,1.598999999999999977,0,0,891,840);
INSERT INTO marks VALUES(896,7,2020,2,717,660,562,85.15000000000000569,6.280999999999999695,1.606999999999999985,0,0,660,562);
INSERT INTO marks VALUES(897,8,2020,2,3074,2822,2058,72.93000000000000683,6.30799999999999983,2.383999999999999897,0,0,2822,2058);
INSERT INTO marks VALUES(898,9,2020,2,7106,6575,5485,83.4200000000000017,6.942999999999999617,2.158999999999999808,0,0,6575,5485);
INSERT INTO marks VALUES(899,31,2020,2,1137,1103,925,83.85999999999999944,6.863000000000000433,2.052999999999999937,1055,887,48,38);
INSERT INTO marks VALUES(900,11,2020,2,5198,4720,3346,70.89000000000000056,6.088000000000000078,2.524999999999999912,0,0,4720,3346);
INSERT INTO marks VALUES(901,12,2020,2,732,657,618,94.0600000000000022,7.762999999999999901,1.645000000000000017,216,196,441,422);
INSERT INTO marks VALUES(902,38,2020,2,240,183,154,84.15000000000000569,6.282000000000000028,1.913000000000000033,0,0,183,154);
INSERT INTO marks VALUES(903,13,2020,2,5835,4923,3483,70.75,5.669999999999999929,1.991000000000000103,0,0,4923,3483);
INSERT INTO marks VALUES(904,14,2020,2,1551,1420,1203,84.71999999999999887,7.25,2.248000000000000221,0,0,1420,1203);
INSERT INTO marks VALUES(905,15,2020,2,2373,1994,1468,73.62000000000000454,5.969000000000000305,2.279999999999999804,0,0,1994,1468);
INSERT INTO marks VALUES(906,17,2020,2,6899,5507,4211,76.46999999999999887,6.073999999999999844,2.202999999999999847,0,0,5507,4211);
INSERT INTO marks VALUES(907,19,2020,2,23204,22889,18629,81.39000000000000056,6.796000000000000262,2.020000000000000017,22796,18543,93,86);
INSERT INTO marks VALUES(908,20,2020,2,27,25,24,96.0,7.791999999999999816,1.864999999999999992,1,1,24,23);
INSERT INTO marks VALUES(909,21,2020,2,2665,2618,1978,75.54999999999999716,6.208999999999999631,2.008000000000000007,2519,1896,99,82);
INSERT INTO marks VALUES(910,24,2020,2,12624,12327,8966,72.73000000000000397,6.509999999999999787,2.701000000000000067,11210,8156,1117,810);
INSERT INTO marks VALUES(911,25,2020,2,9400,9121,6753,74.04000000000000626,6.25,2.366000000000000103,8231,6044,890,709);
INSERT INTO marks VALUES(912,27,2020,2,8580,7873,6039,76.70999999999999374,6.408000000000000362,2.20699999999999985,0,0,7873,6039);
INSERT INTO marks VALUES(913,4,2021,0,21655,21576,18423,85.39000000000000056,6.607000000000000206,1.645999999999999908,21576,18423,0,0);
INSERT INTO marks VALUES(914,16,2021,0,21655,21582,18769,86.96999999999999887,6.855000000000000426,1.725000000000000088,21582,18769,0,0);
INSERT INTO marks VALUES(915,30,2021,0,19355,19291,17297,89.65999999999999659,6.983999999999999986,1.582999999999999963,19291,17297,0,0);
INSERT INTO marks VALUES(916,1,2021,0,45,36,31,86.10999999999999944,6.75199999999999978,1.685000000000000053,10,9,26,22);
INSERT INTO marks VALUES(917,32,2021,0,284,252,222,88.09999999999999431,7.040000000000000035,1.776999999999999913,0,0,252,222);
INSERT INTO marks VALUES(918,3,2021,0,6595,6099,4777,78.31999999999999317,6.519000000000000127,2.200000000000000178,0,0,6099,4777);
INSERT INTO marks VALUES(919,33,2021,0,1059,951,907,95.3700000000000045,7.339999999999999858,1.685000000000000053,0,0,951,907);
INSERT INTO marks VALUES(920,7,2021,0,829,764,702,91.87999999999999546,6.722000000000000419,1.544000000000000039,0,0,764,702);
INSERT INTO marks VALUES(921,8,2021,0,3155,2954,2423,82.01999999999999603,7.040000000000000035,2.20699999999999985,0,0,2954,2423);
INSERT INTO marks VALUES(922,9,2021,0,6687,6261,5668,90.53000000000000113,7.333000000000000184,1.903000000000000024,0,0,6261,5668);
INSERT INTO marks VALUES(923,31,2021,0,1218,1188,1060,89.23000000000000397,7.229000000000000092,1.88700000000000001,1133,1016,55,44);
INSERT INTO marks VALUES(924,11,2021,0,4998,4652,3578,76.90999999999999659,6.38600000000000012,2.290999999999999926,0,0,4652,3578);
INSERT INTO marks VALUES(925,12,2021,0,602,515,493,95.7300000000000039,7.713000000000000078,1.51200000000000001,156,143,359,350);
INSERT INTO marks VALUES(926,38,2021,0,185,149,115,77.18000000000000683,6.166000000000000369,2.146999999999999797,0,0,149,115);
INSERT INTO marks VALUES(927,13,2021,0,5825,4888,3939,80.59000000000000341,6.344999999999999752,1.899000000000000021,0,0,4888,3939);
INSERT INTO marks VALUES(928,14,2021,0,1477,1337,1167,87.28000000000000113,7.508000000000000007,2.228000000000000203,0,0,1337,1167);
INSERT INTO marks VALUES(929,15,2021,0,2057,1587,1271,80.09000000000000341,6.496999999999999887,2.166999999999999815,0,0,1587,1271);
INSERT INTO marks VALUES(930,17,2021,0,6519,4951,3307,66.79000000000000626,5.612000000000000099,2.466000000000000191,0,0,4951,3307);
INSERT INTO marks VALUES(931,19,2021,0,21600,21504,19105,88.84000000000000341,7.264000000000000234,1.804000000000000047,21413,19018,91,87);
INSERT INTO marks VALUES(932,20,2021,0,33,27,21,77.78000000000000113,7.094000000000000305,2.839999999999999858,0,0,27,21);
INSERT INTO marks VALUES(933,21,2021,0,2444,2416,1912,79.14000000000000056,6.584999999999999965,2.193999999999999951,2311,1836,105,76);
INSERT INTO marks VALUES(934,24,2021,0,11452,11336,9047,79.81000000000000227,6.767999999999999794,2.31800000000000006,10582,8561,754,486);
INSERT INTO marks VALUES(935,25,2021,0,8724,8504,5851,68.79999999999999716,6.083999999999999631,2.564999999999999947,7539,5270,965,581);
INSERT INTO marks VALUES(936,27,2021,0,7665,7287,5929,81.35999999999999944,6.671999999999999709,2.112000000000000099,0,0,7287,5929);
INSERT INTO marks VALUES(937,4,2021,1,2243,2154,1336,62.02000000000000312,5.336999999999999745,1.741000000000000103,2154,1336,0,0);
INSERT INTO marks VALUES(938,16,2021,1,2243,2158,1247,57.78000000000000113,5.078999999999999738,1.885000000000000008,2158,1247,0,0);
INSERT INTO marks VALUES(939,30,2021,1,2002,1929,1193,61.85000000000000142,5.323000000000000397,1.673000000000000042,1929,1193,0,0);
INSERT INTO marks VALUES(940,32,2021,1,40,35,27,77.14000000000000056,5.985999999999999766,1.651000000000000023,0,0,35,27);
INSERT INTO marks VALUES(941,3,2021,1,813,705,475,67.37999999999999546,5.754999999999999894,2.169000000000000039,0,0,705,475);
INSERT INTO marks VALUES(942,33,2021,1,93,79,69,87.34000000000000341,6.881000000000000227,1.780999999999999917,0,0,79,69);
INSERT INTO marks VALUES(943,7,2021,1,56,53,47,88.68000000000000683,6.221000000000000085,1.532000000000000028,0,0,53,47);
INSERT INTO marks VALUES(944,8,2021,1,342,299,141,47.15999999999999659,4.766000000000000014,2.25,0,0,299,141);
INSERT INTO marks VALUES(945,9,2021,1,727,636,526,82.70000000000000284,6.584999999999999965,1.929000000000000047,0,0,636,526);
INSERT INTO marks VALUES(946,31,2021,1,109,99,75,75.76000000000000511,5.63600000000000012,1.729999999999999983,94,71,5,4);
INSERT INTO marks VALUES(947,11,2021,1,497,425,188,44.24000000000000198,4.493000000000000327,2.657000000000000028,0,0,425,188);
INSERT INTO marks VALUES(948,12,2021,1,49,44,41,93.1800000000000069,7.258000000000000007,1.411000000000000031,16,15,28,26);
INSERT INTO marks VALUES(949,38,2021,1,18,13,8,61.53999999999999915,4.958000000000000184,2.029999999999999804,0,0,13,8);
INSERT INTO marks VALUES(950,13,2021,1,692,569,416,73.10999999999999944,5.756000000000000227,1.754999999999999894,0,0,569,416);
INSERT INTO marks VALUES(951,14,2021,1,111,96,56,58.3299999999999983,4.948999999999999844,2.149999999999999912,0,0,96,56);
INSERT INTO marks VALUES(952,15,2021,1,234,176,101,57.39000000000000056,4.940999999999999837,1.802999999999999937,0,0,176,101);
INSERT INTO marks VALUES(953,17,2021,1,726,532,364,68.4200000000000017,5.383000000000000007,2.146999999999999797,0,0,532,364);
INSERT INTO marks VALUES(954,19,2021,1,2233,2141,1432,66.87999999999999546,5.863000000000000433,2.097999999999999864,2138,1429,3,3);
INSERT INTO marks VALUES(955,20,2021,1,5,3,3,100.0,7.583000000000000184,1.735999999999999988,0,0,3,3);
INSERT INTO marks VALUES(956,21,2021,1,267,256,166,64.84000000000000341,5.214000000000000412,1.768999999999999906,246,158,10,8);
INSERT INTO marks VALUES(957,24,2021,1,1503,1428,914,64.01000000000000511,5.706999999999999851,2.619000000000000216,973,520,455,394);
INSERT INTO marks VALUES(958,25,2021,1,1068,1002,350,34.92999999999999972,3.972999999999999865,2.303999999999999825,840,267,162,83);
INSERT INTO marks VALUES(959,27,2021,1,1039,958,536,55.95000000000000284,5.216000000000000191,2.633999999999999897,0,0,958,536);
INSERT INTO marks VALUES(960,4,2021,2,23898,23730,19759,83.26999999999999603,6.490999999999999659,1.693999999999999951,23730,19759,0,0);
INSERT INTO marks VALUES(961,16,2021,2,23898,23740,20016,84.31000000000000227,6.692999999999999617,1.812999999999999945,23740,20016,0,0);
INSERT INTO marks VALUES(962,30,2021,2,21357,21220,18490,87.12999999999999546,6.833000000000000184,1.661999999999999922,21220,18490,0,0);
INSERT INTO marks VALUES(963,1,2021,2,45,36,31,86.10999999999999944,6.75199999999999978,1.685000000000000053,10,9,26,22);
INSERT INTO marks VALUES(964,32,2021,2,324,287,249,86.76000000000000511,6.910999999999999588,1.794999999999999929,0,0,287,249);
INSERT INTO marks VALUES(965,3,2021,2,7408,6804,5252,77.18999999999999773,6.44000000000000039,2.209000000000000074,0,0,6804,5252);
INSERT INTO marks VALUES(966,33,2021,2,1152,1030,976,94.7600000000000051,7.304999999999999716,1.697000000000000063,0,0,1030,976);
INSERT INTO marks VALUES(967,7,2021,2,885,817,749,91.68000000000000683,6.689000000000000056,1.548000000000000042,0,0,817,749);
INSERT INTO marks VALUES(968,8,2021,2,3497,3253,2564,78.81999999999999317,6.831000000000000405,2.30699999999999994,0,0,3253,2564);
INSERT INTO marks VALUES(969,9,2021,2,7414,6897,6194,89.81000000000000227,7.264000000000000234,1.917000000000000037,0,0,6897,6194);
INSERT INTO marks VALUES(970,31,2021,2,1327,1287,1135,88.18999999999999773,7.107000000000000206,1.923000000000000042,1227,1087,60,48);
INSERT INTO marks VALUES(971,11,2021,2,5495,5077,3766,74.18000000000000683,6.227999999999999759,2.382000000000000117,0,0,5077,3766);
INSERT INTO marks VALUES(972,12,2021,2,651,559,534,95.5300000000000011,7.676999999999999603,1.508999999999999897,172,158,387,376);
INSERT INTO marks VALUES(973,38,2021,2,203,162,123,75.93000000000000683,6.068999999999999951,2.162999999999999811,0,0,162,123);
INSERT INTO marks VALUES(974,13,2021,2,6517,5457,4355,79.81000000000000227,6.283000000000000362,1.893999999999999906,0,0,5457,4355);
INSERT INTO marks VALUES(975,14,2021,2,1588,1433,1223,85.34999999999999431,7.336000000000000298,2.313000000000000166,0,0,1433,1223);
INSERT INTO marks VALUES(976,15,2021,2,2291,1763,1372,77.81999999999999317,6.341999999999999638,2.184000000000000164,0,0,1763,1372);
INSERT INTO marks VALUES(977,17,2021,2,7245,5483,3671,66.95000000000000284,5.589999999999999858,2.438000000000000166,0,0,5483,3671);
INSERT INTO marks VALUES(978,19,2021,2,23833,23645,20537,86.85999999999999944,7.136999999999999567,1.87599999999999989,23551,20447,94,90);
INSERT INTO marks VALUES(979,20,2021,2,38,30,24,80.0,7.142999999999999794,2.754000000000000003,0,0,30,24);
INSERT INTO marks VALUES(980,21,2021,2,2711,2672,2078,77.76999999999999603,6.453999999999999738,2.19499999999999984,2557,1994,115,84);
INSERT INTO marks VALUES(981,24,2021,2,12955,12764,9961,78.04000000000000626,6.650000000000000355,2.37699999999999978,11555,9081,1209,880);
INSERT INTO marks VALUES(982,25,2021,2,9792,9506,6201,65.23000000000000397,5.862000000000000099,2.620000000000000106,8379,5537,1127,664);
INSERT INTO marks VALUES(983,27,2021,2,8704,8245,6465,78.40999999999999659,6.503000000000000113,2.229000000000000092,0,0,8245,6465);
INSERT INTO marks VALUES(984,4,2022,0,19948,19873,17957,90.35999999999999944,6.948000000000000397,1.520999999999999908,19873,17957,0,0);
INSERT INTO marks VALUES(985,16,2022,0,19948,19885,16041,80.6700000000000017,6.456000000000000405,1.850000000000000088,19885,16041,0,0);
INSERT INTO marks VALUES(986,30,2022,0,17735,17678,15436,87.31999999999999317,6.777000000000000135,1.610999999999999988,17678,15436,0,0);
INSERT INTO marks VALUES(987,1,2022,0,29,23,22,95.6500000000000056,7.477999999999999759,1.530999999999999917,3,3,20,19);
INSERT INTO marks VALUES(988,32,2022,0,252,206,184,89.31999999999999317,6.746999999999999887,1.643000000000000015,0,0,206,184);
INSERT INTO marks VALUES(989,3,2022,0,6145,5626,4227,75.12999999999999546,6.237000000000000099,2.145999999999999908,0,0,5626,4227);
INSERT INTO marks VALUES(990,33,2022,0,927,830,791,95.2999999999999972,7.410999999999999588,1.542000000000000037,0,0,830,791);
INSERT INTO marks VALUES(991,7,2022,0,716,654,605,92.5100000000000051,7.001000000000000333,1.514999999999999903,0,0,654,605);
INSERT INTO marks VALUES(992,8,2022,0,2977,2775,1940,69.90999999999999659,6.17900000000000027,2.407999999999999919,0,0,2775,1940);
INSERT INTO marks VALUES(993,9,2022,0,6375,5956,5462,91.70999999999999374,7.466000000000000191,1.802999999999999937,0,0,5956,5462);
INSERT INTO marks VALUES(994,31,2022,0,1055,1032,927,89.8299999999999983,7.241999999999999993,1.885999999999999899,981,888,51,39);
INSERT INTO marks VALUES(995,11,2022,0,4902,4560,3766,82.59000000000000341,6.913999999999999702,2.266999999999999905,0,0,4560,3766);
INSERT INTO marks VALUES(996,12,2022,0,604,506,480,94.8599999999999995,7.921000000000000262,1.524000000000000021,143,140,363,340);
INSERT INTO marks VALUES(997,38,2022,0,117,95,84,88.4200000000000017,6.530000000000000248,1.59099999999999997,0,0,95,84);
INSERT INTO marks VALUES(998,13,2022,0,5171,4329,3046,70.35999999999999944,5.842999999999999972,2.039000000000000146,0,0,4329,3046);
INSERT INTO marks VALUES(999,14,2022,0,1343,1217,1093,89.81000000000000227,7.645999999999999908,2.021999999999999797,0,0,1217,1093);
INSERT INTO marks VALUES(1000,15,2022,0,1791,1392,1082,77.73000000000000397,6.326999999999999958,2.232000000000000207,0,0,1392,1082);
INSERT INTO marks VALUES(1001,17,2022,0,5406,3969,3423,86.23999999999999489,6.788999999999999702,2.041999999999999815,0,0,3969,3423);
INSERT INTO marks VALUES(1002,19,2022,0,19896,19812,16569,83.62999999999999546,6.759999999999999787,1.816000000000000058,19726,16493,86,76);
INSERT INTO marks VALUES(1003,20,2022,0,20,15,14,93.3299999999999983,8.143000000000000683,1.709999999999999965,0,0,15,14);
INSERT INTO marks VALUES(1004,21,2022,0,1972,1948,1802,92.5100000000000051,7.522999999999999688,1.68199999999999994,1880,1743,68,59);
INSERT INTO marks VALUES(1005,24,2022,0,10983,10876,8686,79.85999999999999944,6.400999999999999802,1.991999999999999993,10109,8174,767,512);
INSERT INTO marks VALUES(1006,25,2022,0,8005,7770,4930,63.45000000000000284,5.658999999999999809,2.398000000000000131,6903,4448,867,482);
INSERT INTO marks VALUES(1007,27,2022,0,7466,7062,5412,76.64000000000000056,6.334999999999999965,2.115000000000000214,0,0,7062,5412);
INSERT INTO marks VALUES(1008,4,2022,1,3058,2962,2153,72.68999999999999773,5.770999999999999908,1.542999999999999928,2962,2153,0,0);
INSERT INTO marks VALUES(1009,16,2022,1,3058,2970,1783,60.03000000000000113,5.299000000000000376,1.844000000000000083,2970,1783,0,0);
INSERT INTO marks VALUES(1010,30,2022,1,2707,2627,1695,64.51999999999999603,5.432000000000000383,1.612000000000000099,2627,1695,0,0);
INSERT INTO marks VALUES(1011,1,2022,1,2,2,2,100.0,9.59999999999999965,0.4000000000000000222,0,0,2,2);
INSERT INTO marks VALUES(1012,32,2022,1,45,35,29,82.85999999999999944,6.714000000000000412,1.68199999999999994,0,0,35,29);
INSERT INTO marks VALUES(1013,3,2022,1,1028,868,544,62.6700000000000017,5.467999999999999972,2.161000000000000031,0,0,868,544);
INSERT INTO marks VALUES(1014,33,2022,1,139,115,105,91.29999999999999716,6.653999999999999915,1.614999999999999992,0,0,115,105);
INSERT INTO marks VALUES(1015,7,2022,1,112,99,86,86.87000000000000454,6.168000000000000149,1.600999999999999979,0,0,99,86);
INSERT INTO marks VALUES(1016,8,2022,1,457,408,200,49.02000000000000312,4.897000000000000241,2.362000000000000099,0,0,408,200);
INSERT INTO marks VALUES(1017,9,2022,1,1062,961,681,70.85999999999999944,5.730000000000000426,1.961999999999999967,0,0,961,681);
INSERT INTO marks VALUES(1018,31,2022,1,167,157,115,73.25,5.509000000000000341,1.872000000000000108,149,107,8,8);
INSERT INTO marks VALUES(1019,11,2022,1,688,602,278,46.17999999999999972,4.576999999999999958,2.435999999999999944,0,0,602,278);
INSERT INTO marks VALUES(1020,12,2022,1,84,72,66,91.6700000000000017,7.022000000000000241,1.657999999999999919,21,19,51,47);
INSERT INTO marks VALUES(1021,38,2022,1,28,19,17,89.46999999999999887,6.221000000000000085,1.59099999999999997,0,0,19,17);
INSERT INTO marks VALUES(1022,13,2022,1,849,709,487,68.68999999999999773,5.475999999999999979,1.800000000000000044,0,0,709,487);
INSERT INTO marks VALUES(1023,14,2022,1,167,147,68,46.25999999999999802,4.302999999999999937,2.298999999999999933,0,0,147,68);
INSERT INTO marks VALUES(1024,15,2022,1,315,232,139,59.90999999999999659,4.966999999999999638,2.025999999999999801,0,0,232,139);
INSERT INTO marks VALUES(1025,17,2022,1,815,576,383,66.48999999999999489,5.355999999999999873,2.205999999999999961,0,0,576,383);
INSERT INTO marks VALUES(1026,19,2022,1,3047,2955,2153,72.85999999999999944,6.115999999999999659,1.961999999999999967,2944,2143,11,10);
INSERT INTO marks VALUES(1027,20,2022,1,4,4,4,100.0,9.58799999999999918,0.2459999999999999965,0,0,4,4);
INSERT INTO marks VALUES(1028,21,2022,1,317,309,206,66.6700000000000017,5.418999999999999595,1.834999999999999965,301,200,8,6);
INSERT INTO marks VALUES(1029,24,2022,1,2082,1988,1309,65.84999999999999431,6.0,2.822999999999999954,1336,743,652,566);
INSERT INTO marks VALUES(1030,25,2022,1,1470,1406,444,31.5799999999999983,3.794999999999999929,2.189000000000000056,1188,331,218,113);
INSERT INTO marks VALUES(1031,27,2022,1,1322,1220,821,67.29999999999999716,5.945000000000000284,2.371999999999999887,0,0,1220,821);
INSERT INTO marks VALUES(1032,4,2022,2,23006,22835,20110,88.06999999999999317,6.794999999999999929,1.574000000000000065,22835,20110,0,0);
INSERT INTO marks VALUES(1033,16,2022,2,23006,22855,17824,77.98999999999999489,6.306000000000000049,1.889000000000000012,22855,17824,0,0);
INSERT INTO marks VALUES(1034,30,2022,2,20442,20305,17131,84.37000000000000454,6.602999999999999759,1.673000000000000042,20305,17131,0,0);
INSERT INTO marks VALUES(1035,1,2022,2,31,25,24,96.0,7.647999999999999688,1.580999999999999961,3,3,22,21);
INSERT INTO marks VALUES(1036,32,2022,2,297,241,213,88.37999999999999546,6.741999999999999993,1.649000000000000021,0,0,241,213);
INSERT INTO marks VALUES(1037,3,2022,2,7173,6494,4771,73.46999999999999887,6.134000000000000341,2.164000000000000146,0,0,6494,4771);
INSERT INTO marks VALUES(1038,33,2022,2,1066,945,896,94.8100000000000022,7.318999999999999951,1.570999999999999953,0,0,945,896);
INSERT INTO marks VALUES(1039,7,2022,2,828,753,691,91.76999999999999603,6.891000000000000014,1.552999999999999937,0,0,753,691);
INSERT INTO marks VALUES(1040,8,2022,2,3434,3183,2140,67.23000000000000397,6.014999999999999681,2.439999999999999947,0,0,3183,2140);
INSERT INTO marks VALUES(1041,9,2022,2,7437,6917,6143,88.81000000000000227,7.224999999999999645,1.921999999999999931,0,0,6917,6143);
INSERT INTO marks VALUES(1042,31,2022,2,1222,1189,1042,87.64000000000000056,7.012999999999999901,1.973000000000000087,1130,995,59,47);
INSERT INTO marks VALUES(1043,11,2022,2,5590,5162,4044,78.34000000000000341,6.641000000000000014,2.407000000000000028,0,0,5162,4044);
INSERT INTO marks VALUES(1044,12,2022,2,688,578,546,94.4599999999999938,7.809000000000000163,1.570000000000000062,164,159,414,387);
INSERT INTO marks VALUES(1045,38,2022,2,145,114,101,88.59999999999999431,6.477999999999999759,1.594999999999999974,0,0,114,101);
INSERT INTO marks VALUES(1046,13,2022,2,6020,5038,3533,70.12999999999999546,5.791999999999999816,2.01100000000000012,0,0,5038,3533);
INSERT INTO marks VALUES(1047,14,2022,2,1510,1364,1161,85.12000000000000454,7.285000000000000142,2.301000000000000157,0,0,1364,1161);
INSERT INTO marks VALUES(1048,15,2022,2,2106,1624,1221,75.18000000000000683,6.133000000000000007,2.254999999999999894,0,0,1624,1221);
INSERT INTO marks VALUES(1049,17,2022,2,6221,4545,3806,83.73999999999999489,6.607999999999999652,2.117999999999999883,0,0,4545,3806);
INSERT INTO marks VALUES(1050,19,2022,2,22943,22767,18722,82.23000000000000397,6.676000000000000156,1.848000000000000087,22670,18636,97,86);
INSERT INTO marks VALUES(1051,20,2022,2,24,19,18,94.7399999999999949,8.446999999999999175,1.633000000000000007,0,0,19,18);
INSERT INTO marks VALUES(1052,21,2022,2,2289,2257,2008,88.96999999999999887,7.235000000000000319,1.850999999999999979,2181,1943,76,65);
INSERT INTO marks VALUES(1053,24,2022,2,13065,12864,9995,77.70000000000000284,6.339000000000000412,2.146999999999999797,11445,8917,1419,1078);
INSERT INTO marks VALUES(1054,25,2022,2,9475,9176,5374,58.57000000000000028,5.373999999999999667,2.460999999999999855,8091,4779,1085,595);
INSERT INTO marks VALUES(1055,27,2022,2,8788,8282,6233,75.26000000000000511,6.277999999999999581,2.158999999999999808,0,0,8282,6233);
INSERT INTO marks VALUES(1056,4,2023,0,20342,20277,17917,88.35999999999999944,6.748999999999999667,1.564000000000000056,20277,17917,0,0);
INSERT INTO marks VALUES(1057,16,2023,0,20342,20278,17027,83.96999999999999887,6.637999999999999901,1.788000000000000033,20278,17027,0,0);
INSERT INTO marks VALUES(1058,30,2023,0,18105,18042,16268,90.1700000000000017,6.958999999999999631,1.540000000000000035,18042,16268,0,0);
INSERT INTO marks VALUES(1059,1,2023,0,28,21,21,100.0,7.581000000000000405,1.645999999999999908,2,2,19,19);
INSERT INTO marks VALUES(1060,32,2023,0,271,207,182,87.9200000000000017,7.142999999999999794,1.772000000000000019,0,0,207,182);
INSERT INTO marks VALUES(1061,3,2023,0,6041,5546,4434,79.95000000000000284,6.506999999999999674,1.975000000000000088,0,0,5546,4434);
INSERT INTO marks VALUES(1062,33,2023,0,932,866,841,97.1099999999999995,7.61399999999999988,1.471999999999999976,0,0,866,841);
INSERT INTO marks VALUES(1063,7,2023,0,725,679,644,94.8499999999999944,7.373999999999999667,1.510000000000000008,0,0,679,644);
INSERT INTO marks VALUES(1064,8,2023,0,3188,3011,2206,73.26000000000000511,6.285999999999999588,2.209000000000000074,0,0,3011,2206);
INSERT INTO marks VALUES(1065,9,2023,0,6722,6304,5653,89.6700000000000017,7.235999999999999766,1.842000000000000081,0,0,6304,5653);
INSERT INTO marks VALUES(1066,31,2023,0,1117,1084,963,88.84000000000000341,7.232000000000000206,1.961000000000000076,1033,919,51,44);
INSERT INTO marks VALUES(1067,11,2023,0,5148,4833,3716,76.89000000000000056,6.302999999999999937,2.230999999999999873,0,0,4833,3716);
INSERT INTO marks VALUES(1068,12,2023,0,503,431,424,98.3799999999999955,7.958999999999999631,1.467000000000000081,107,104,324,320);
INSERT INTO marks VALUES(1069,38,2023,0,119,92,66,71.73999999999999489,5.717999999999999972,1.864999999999999992,0,0,92,66);
INSERT INTO marks VALUES(1070,13,2023,0,5296,4342,3581,82.46999999999999887,6.51100000000000012,1.893999999999999906,0,0,4342,3581);
INSERT INTO marks VALUES(1071,14,2023,0,1356,1264,1046,82.75,7.197000000000000063,2.408999999999999809,0,0,1264,1046);
INSERT INTO marks VALUES(1072,15,2023,0,1809,1416,1059,74.79000000000000626,6.049999999999999823,2.298999999999999933,0,0,1416,1059);
INSERT INTO marks VALUES(1073,17,2023,0,5630,4316,3468,80.34999999999999431,6.466999999999999638,2.222999999999999864,0,0,4316,3468);
INSERT INTO marks VALUES(1074,19,2023,0,20321,20239,18553,91.6700000000000017,7.431000000000000049,1.673000000000000042,20166,18486,73,67);
INSERT INTO marks VALUES(1075,21,2023,0,1914,1888,1647,87.23999999999999489,7.307000000000000383,1.93199999999999994,1816,1584,72,63);
INSERT INTO marks VALUES(1076,24,2023,0,11250,11113,8377,75.37999999999999546,6.413000000000000255,2.343999999999999862,10256,7892,857,485);
INSERT INTO marks VALUES(1077,25,2023,0,8511,8265,4846,58.63000000000000255,5.243000000000000326,2.188000000000000167,7161,4198,1104,648);
INSERT INTO marks VALUES(1078,27,2023,0,7421,7099,5111,72.0,5.977999999999999759,2.084999999999999965,0,0,7099,5111);
INSERT INTO marks VALUES(1079,4,2023,1,3057,2949,2166,73.45000000000000284,5.791000000000000369,1.558000000000000051,2949,2166,0,0);
INSERT INTO marks VALUES(1080,16,2023,1,3057,2950,1568,53.14999999999999858,4.974999999999999645,1.842000000000000081,2950,1568,0,0);
INSERT INTO marks VALUES(1081,30,2023,1,2671,2582,1532,59.3299999999999983,5.238000000000000433,1.635999999999999899,2582,1532,0,0);
INSERT INTO marks VALUES(1082,1,2023,1,7,6,6,100.0,6.424999999999999823,1.530999999999999917,0,0,6,6);
INSERT INTO marks VALUES(1083,32,2023,1,38,28,17,60.71000000000000085,5.384000000000000341,1.649999999999999912,0,0,28,17);
INSERT INTO marks VALUES(1084,3,2023,1,1127,930,540,58.06000000000000227,5.48899999999999988,2.339999999999999858,0,0,930,540);
INSERT INTO marks VALUES(1085,33,2023,1,105,93,90,96.7699999999999961,7.097000000000000419,1.381000000000000005,0,0,93,90);
INSERT INTO marks VALUES(1086,7,2023,1,75,68,53,77.93999999999999773,5.934000000000000163,1.959000000000000074,0,0,68,53);
INSERT INTO marks VALUES(1087,8,2023,1,547,471,241,51.1700000000000017,4.937999999999999723,2.330000000000000071,0,0,471,241);
INSERT INTO marks VALUES(1088,9,2023,1,1133,994,651,65.48999999999999489,5.55400000000000027,2.049999999999999822,0,0,994,651);
INSERT INTO marks VALUES(1089,31,2023,1,121,116,86,74.14000000000000056,5.777000000000000135,1.74900000000000011,115,86,1,0);
INSERT INTO marks VALUES(1090,11,2023,1,793,681,438,64.31999999999999317,5.549000000000000376,2.410000000000000142,0,0,681,438);
INSERT INTO marks VALUES(1091,12,2023,1,70,61,55,90.15999999999999659,6.891000000000000014,1.667999999999999928,23,20,38,35);
INSERT INTO marks VALUES(1092,38,2023,1,21,15,12,80.0,6.081999999999999851,1.155999999999999917,0,0,15,12);
INSERT INTO marks VALUES(1093,13,2023,1,906,698,572,81.95000000000000284,6.046999999999999709,1.622000000000000108,0,0,698,572);
INSERT INTO marks VALUES(1094,14,2023,1,206,173,115,66.46999999999999887,5.741999999999999993,2.44300000000000006,0,0,173,115);
INSERT INTO marks VALUES(1095,15,2023,1,286,208,129,62.02000000000000312,5.006000000000000227,2.004999999999999894,0,0,208,129);
INSERT INTO marks VALUES(1096,17,2023,1,930,672,433,64.43000000000000683,5.024000000000000021,2.189999999999999947,0,0,672,433);
INSERT INTO marks VALUES(1097,19,2023,1,3046,2936,2023,68.90000000000000569,5.93499999999999961,2.045999999999999818,2927,2015,9,8);
INSERT INTO marks VALUES(1098,21,2023,1,345,333,195,58.56000000000000227,5.100999999999999979,2.101999999999999868,325,191,8,4);
INSERT INTO marks VALUES(1099,24,2023,1,2243,2124,1446,68.0799999999999983,6.022000000000000241,2.600999999999999979,1351,784,773,662);
INSERT INTO marks VALUES(1100,25,2023,1,1643,1527,537,35.1700000000000017,4.062000000000000278,2.157000000000000028,1165,324,362,213);
INSERT INTO marks VALUES(1101,27,2023,1,1613,1434,972,67.78000000000000113,5.849999999999999645,2.30699999999999994,0,0,1434,972);
INSERT INTO marks VALUES(1102,4,2023,2,23399,23226,20083,86.46999999999999887,6.62699999999999978,1.596000000000000085,23226,20083,0,0);
INSERT INTO marks VALUES(1103,16,2023,2,23399,23228,18595,80.04999999999999716,6.426999999999999603,1.877999999999999892,23228,18595,0,0);
INSERT INTO marks VALUES(1104,30,2023,2,20776,20624,17800,86.31000000000000227,6.743999999999999773,1.653000000000000024,20624,17800,0,0);
INSERT INTO marks VALUES(1105,1,2023,2,35,27,27,100.0,7.323999999999999844,1.691000000000000058,2,2,25,25);
INSERT INTO marks VALUES(1106,32,2023,2,309,235,199,84.68000000000000683,6.93299999999999983,1.848000000000000087,0,0,235,199);
INSERT INTO marks VALUES(1107,3,2023,2,7168,6476,4974,76.81000000000000227,6.360999999999999766,2.061999999999999833,0,0,6476,4974);
INSERT INTO marks VALUES(1108,33,2023,2,1037,959,931,97.0799999999999983,7.564000000000000056,1.471000000000000085,0,0,959,931);
INSERT INTO marks VALUES(1109,7,2023,2,800,747,697,93.3100000000000022,7.243000000000000326,1.610000000000000097,0,0,747,697);
INSERT INTO marks VALUES(1110,8,2023,2,3735,3482,2447,70.28000000000000113,6.104000000000000092,2.273000000000000132,0,0,3482,2447);
INSERT INTO marks VALUES(1111,9,2023,2,7855,7298,6304,86.37999999999999546,7.006999999999999674,1.957999999999999963,0,0,7298,6304);
INSERT INTO marks VALUES(1112,31,2023,2,1238,1200,1049,87.4200000000000017,7.091999999999999638,1.989000000000000101,1148,1005,52,44);
INSERT INTO marks VALUES(1113,11,2023,2,5941,5514,4154,75.34000000000000341,6.208999999999999631,2.267999999999999793,0,0,5514,4154);
INSERT INTO marks VALUES(1114,12,2023,2,573,492,479,97.3599999999999995,7.825999999999999624,1.53400000000000003,130,124,362,355);
INSERT INTO marks VALUES(1115,38,2023,2,140,107,78,72.90000000000000569,5.769000000000000127,1.786999999999999922,0,0,107,78);
INSERT INTO marks VALUES(1116,13,2023,2,6202,5040,4153,82.40000000000000569,6.447000000000000063,1.866000000000000103,0,0,5040,4153);
INSERT INTO marks VALUES(1117,14,2023,2,1562,1437,1161,80.79000000000000626,7.022000000000000241,2.459000000000000074,0,0,1437,1161);
INSERT INTO marks VALUES(1118,15,2023,2,2095,1624,1188,73.15000000000000569,5.916999999999999816,2.290000000000000035,0,0,1624,1188);
INSERT INTO marks VALUES(1119,17,2023,2,6560,4988,3901,78.20999999999999374,6.272999999999999688,2.271999999999999797,0,0,4988,3901);
INSERT INTO marks VALUES(1120,19,2023,2,23367,23175,20576,88.79000000000000626,7.241999999999999993,1.794999999999999929,23093,20501,82,75);
INSERT INTO marks VALUES(1121,21,2023,2,2259,2221,1842,82.93999999999999773,6.977000000000000312,2.11100000000000021,2141,1775,80,67);
INSERT INTO marks VALUES(1122,24,2023,2,13493,13237,9823,74.20999999999999374,6.349999999999999645,2.391000000000000014,11607,8676,1630,1147);
INSERT INTO marks VALUES(1123,25,2023,2,10154,9792,5383,54.96999999999999887,5.059000000000000163,2.225000000000000088,8326,4522,1466,861);
INSERT INTO marks VALUES(1124,27,2023,2,9034,8533,6083,71.29000000000000626,5.956000000000000405,2.12400000000000011,0,0,8533,6083);
INSERT INTO marks VALUES(1125,4,2024,0,21393,21337,18500,86.70000000000000284,6.560999999999999944,1.536999999999999922,21337,18500,0,0);
INSERT INTO marks VALUES(1126,16,2024,0,13181,13131,11111,84.62000000000000454,6.62100000000000044,1.717000000000000081,13131,11111,0,0);
INSERT INTO marks VALUES(1127,30,2024,0,19075,19026,16549,86.98000000000000397,6.676999999999999603,1.538999999999999924,19026,16549,0,0);
INSERT INTO marks VALUES(1128,1,2024,0,34,27,26,96.2999999999999972,7.942999999999999617,1.641000000000000014,2,2,25,24);
INSERT INTO marks VALUES(1129,2,2024,0,106,94,76,80.84999999999999431,6.293000000000000149,2.25099999999999989,81,68,13,8);
INSERT INTO marks VALUES(1130,32,2024,0,194,187,172,91.98000000000000397,7.243999999999999773,1.695999999999999953,146,137,41,35);
INSERT INTO marks VALUES(1131,3,2024,0,6233,5737,5045,87.93999999999999773,7.161999999999999922,1.858999999999999986,0,0,5737,5045);
INSERT INTO marks VALUES(1132,34,2024,0,45,32,31,96.8799999999999955,7.530000000000000248,1.409999999999999921,0,0,32,31);
INSERT INTO marks VALUES(1133,6,2024,0,930,920,863,93.7999999999999972,7.339999999999999858,1.477999999999999981,878,827,42,36);
INSERT INTO marks VALUES(1134,7,2024,0,659,621,559,90.01999999999999603,6.934000000000000163,1.739999999999999992,0,0,621,559);
INSERT INTO marks VALUES(1135,8,2024,0,3105,2922,2290,78.37000000000000454,6.548000000000000042,2.040000000000000035,0,0,2922,2290);
INSERT INTO marks VALUES(1136,35,2024,0,141,123,103,83.73999999999999489,6.565999999999999837,1.822999999999999954,0,0,123,103);
INSERT INTO marks VALUES(1137,36,2024,0,6931,6516,5942,91.18999999999999773,7.341000000000000191,1.788000000000000033,0,0,6516,5942);
INSERT INTO marks VALUES(1138,31,2024,0,8,8,7,87.5,6.349999999999999645,1.697000000000000063,7,6,1,1);
INSERT INTO marks VALUES(1139,11,2024,0,5427,5131,4356,84.90000000000000569,7.05799999999999983,2.134999999999999786,0,0,5131,4356);
INSERT INTO marks VALUES(1140,12,2024,0,543,488,484,99.1800000000000069,8.519000000000000127,1.225999999999999979,162,160,326,324);
INSERT INTO marks VALUES(1141,37,2024,0,519,453,409,90.29000000000000626,7.402999999999999581,1.816000000000000058,3,2,450,407);
INSERT INTO marks VALUES(1142,38,2024,0,137,103,91,88.34999999999999431,6.641000000000000014,1.725000000000000088,0,0,103,91);
INSERT INTO marks VALUES(1143,13,2024,0,5560,4676,4164,89.04999999999999716,6.876000000000000333,1.685999999999999944,0,0,4676,4164);
INSERT INTO marks VALUES(1144,14,2024,0,1301,1245,1035,83.12999999999999546,7.089999999999999858,2.326000000000000067,0,0,1245,1035);
INSERT INTO marks VALUES(1145,15,2024,0,1675,1339,1030,76.9200000000000017,6.195000000000000284,2.205000000000000071,0,0,1339,1030);
INSERT INTO marks VALUES(1146,17,2024,0,10541,9714,8604,88.56999999999999317,6.964999999999999858,1.838999999999999969,8220,7423,1494,1181);
INSERT INTO marks VALUES(1147,18,2024,0,60,46,39,84.78000000000000113,6.362000000000000099,2.105999999999999873,0,0,46,39);
INSERT INTO marks VALUES(1148,19,2024,0,21347,21258,19572,92.06999999999999317,7.532000000000000028,1.673000000000000042,21159,19482,99,90);
INSERT INTO marks VALUES(1149,20,2024,0,27,21,18,85.70999999999999374,7.855000000000000426,2.204000000000000182,0,0,21,18);
INSERT INTO marks VALUES(1150,21,2024,0,2275,2259,1727,76.45000000000000284,6.405000000000000248,2.177000000000000046,2172,1671,87,56);
INSERT INTO marks VALUES(1151,39,2024,0,56,45,44,97.7800000000000011,8.050000000000000711,1.415000000000000035,0,0,45,44);
INSERT INTO marks VALUES(1152,25,2024,0,9535,9253,6151,66.48000000000000397,5.982999999999999652,2.572999999999999954,7750,5183,1503,968);
INSERT INTO marks VALUES(1153,24,2024,0,11662,11533,8513,73.81000000000000227,6.112000000000000099,2.087000000000000189,10260,7754,1273,759);
INSERT INTO marks VALUES(1154,27,2024,0,7770,7435,5956,80.10999999999999944,6.522000000000000241,2.100999999999999979,0,0,7435,5956);
INSERT INTO marks VALUES(1155,40,2024,0,734,541,429,79.29999999999999716,6.397999999999999688,1.927000000000000046,0,0,541,429);
INSERT INTO marks VALUES(1156,28,2024,0,472,431,417,96.75,7.844999999999999752,1.497000000000000108,0,0,431,417);
INSERT INTO marks VALUES(1157,4,2024,1,3221,3125,2188,70.01999999999999603,5.677999999999999937,1.645000000000000017,3125,2188,0,0);
INSERT INTO marks VALUES(1158,16,2024,1,1921,1848,1136,61.46999999999999887,5.334999999999999965,1.887999999999999901,1848,1136,0,0);
INSERT INTO marks VALUES(1159,30,2024,1,2790,2708,1725,63.70000000000000284,5.421999999999999709,1.69300000000000006,2708,1725,0,0);
INSERT INTO marks VALUES(1160,1,2024,1,3,3,3,100.0,9.43299999999999983,0.3300000000000000155,0,0,3,3);
INSERT INTO marks VALUES(1161,2,2024,1,16,13,12,92.3100000000000022,6.333000000000000184,1.463000000000000078,13,12,0,0);
INSERT INTO marks VALUES(1162,32,2024,1,44,41,32,78.04999999999999716,6.306000000000000049,1.735000000000000097,35,29,6,3);
INSERT INTO marks VALUES(1163,3,2024,1,1142,942,642,68.15000000000000569,5.966999999999999638,2.286999999999999922,0,0,942,642);
INSERT INTO marks VALUES(1164,34,2024,1,13,10,8,80.0,6.035000000000000142,1.528000000000000024,0,0,10,8);
INSERT INTO marks VALUES(1165,6,2024,1,140,133,116,87.21999999999999887,6.926000000000000156,1.645999999999999908,127,110,6,6);
INSERT INTO marks VALUES(1166,7,2024,1,82,75,62,82.6700000000000017,5.993999999999999773,1.953000000000000069,0,0,75,62);
INSERT INTO marks VALUES(1167,8,2024,1,513,446,264,59.18999999999999773,5.477999999999999759,2.080000000000000071,0,0,446,264);
INSERT INTO marks VALUES(1168,35,2024,1,29,28,17,60.71000000000000085,5.139999999999999681,2.099000000000000199,0,0,28,17);
INSERT INTO marks VALUES(1169,36,2024,1,1066,934,675,72.26999999999999603,5.910999999999999588,2.072999999999999954,0,0,934,675);
INSERT INTO marks VALUES(1170,31,2024,1,4,4,1,25.0,2.98799999999999999,1.723999999999999977,4,1,0,0);
INSERT INTO marks VALUES(1171,11,2024,1,796,693,290,41.85000000000000142,4.339000000000000413,2.353000000000000202,0,0,693,290);
INSERT INTO marks VALUES(1172,12,2024,1,81,70,62,88.56999999999999317,6.953999999999999738,1.836000000000000076,24,22,46,40);
INSERT INTO marks VALUES(1173,37,2024,1,56,51,37,72.54999999999999716,5.777000000000000135,1.967000000000000081,1,1,50,36);
INSERT INTO marks VALUES(1174,38,2024,1,38,27,22,81.48000000000000397,5.884999999999999787,1.645999999999999908,0,0,27,22);
INSERT INTO marks VALUES(1175,13,2024,1,890,757,479,63.28000000000000113,5.19200000000000017,1.808000000000000051,0,0,757,479);
INSERT INTO marks VALUES(1176,14,2024,1,174,157,104,66.23999999999999489,5.724000000000000198,2.303999999999999825,0,0,157,104);
INSERT INTO marks VALUES(1177,15,2024,1,270,204,122,59.79999999999999716,4.964000000000000412,2.129000000000000003,0,0,204,122);
INSERT INTO marks VALUES(1178,17,2024,1,1639,1480,1096,74.04999999999999716,5.850999999999999979,2.129999999999999894,1258,956,222,140);
INSERT INTO marks VALUES(1179,18,2024,1,15,13,10,76.9200000000000017,5.491999999999999993,2.228000000000000203,0,0,13,10);
INSERT INTO marks VALUES(1180,19,2024,1,3214,3096,2435,78.65000000000000569,6.477000000000000312,1.887999999999999901,3083,2422,13,13);
INSERT INTO marks VALUES(1181,20,2024,1,5,3,3,100.0,7.599999999999999645,0.927000000000000046,0,0,3,3);
INSERT INTO marks VALUES(1182,21,2024,1,406,390,187,47.95000000000000284,4.602000000000000313,1.723999999999999977,382,183,8,4);
INSERT INTO marks VALUES(1183,39,2024,1,15,13,12,92.3100000000000022,7.55799999999999983,1.532000000000000028,0,0,13,12);
INSERT INTO marks VALUES(1184,25,2024,1,1740,1634,816,49.93999999999999773,4.767999999999999794,2.434000000000000163,1202,501,432,315);
INSERT INTO marks VALUES(1185,24,2024,1,2376,2261,1339,59.21999999999999887,5.357000000000000206,2.451000000000000067,1354,644,907,695);
INSERT INTO marks VALUES(1186,27,2024,1,1567,1403,998,71.12999999999999546,6.091999999999999638,2.341000000000000191,0,0,1403,998);
INSERT INTO marks VALUES(1187,40,2024,1,96,62,24,38.71000000000000085,4.107999999999999651,1.828000000000000069,0,0,62,24);
INSERT INTO marks VALUES(1188,28,2024,1,68,61,56,91.79999999999999716,6.947000000000000063,1.608999999999999986,0,0,61,56);
INSERT INTO marks VALUES(1189,4,2024,2,24614,24462,20688,84.56999999999999317,6.448999999999999844,1.57899999999999996,24462,20688,0,0);
INSERT INTO marks VALUES(1190,16,2024,2,15102,14979,12247,81.76000000000000511,6.461999999999999745,1.790000000000000035,14979,12247,0,0);
INSERT INTO marks VALUES(1191,30,2024,2,21865,21734,18274,84.0799999999999983,6.520999999999999908,1.61299999999999999,21734,18274,0,0);
INSERT INTO marks VALUES(1192,1,2024,2,37,30,29,96.6700000000000017,8.092000000000000526,1.622999999999999999,2,2,28,27);
INSERT INTO marks VALUES(1193,2,2024,2,122,107,88,82.23999999999999489,6.298000000000000042,2.169999999999999929,94,80,13,8);
INSERT INTO marks VALUES(1194,32,2024,2,238,228,204,89.46999999999999887,7.075000000000000177,1.741000000000000103,181,166,47,38);
INSERT INTO marks VALUES(1195,3,2024,2,7375,6679,5687,85.15000000000000569,6.993999999999999773,1.969999999999999974,0,0,6679,5687);
INSERT INTO marks VALUES(1196,34,2024,2,58,42,39,92.8599999999999995,7.174000000000000376,1.572999999999999954,0,0,42,39);
INSERT INTO marks VALUES(1197,6,2024,2,1070,1053,979,92.9699999999999989,7.288000000000000255,1.506000000000000005,1005,937,48,42);
INSERT INTO marks VALUES(1198,7,2024,2,741,696,621,89.21999999999999887,6.833000000000000184,1.788000000000000033,0,0,696,621);
INSERT INTO marks VALUES(1199,8,2024,2,3618,3368,2554,75.8299999999999983,6.405999999999999695,2.076999999999999958,0,0,3368,2554);
INSERT INTO marks VALUES(1200,35,2024,2,170,151,120,79.46999999999999887,6.301999999999999603,1.957000000000000072,0,0,151,120);
INSERT INTO marks VALUES(1201,36,2024,2,7997,7450,6617,88.81999999999999317,7.161999999999999922,1.88700000000000001,0,0,7450,6617);
INSERT INTO marks VALUES(1202,31,2024,2,12,12,8,66.6700000000000017,5.229000000000000092,2.329000000000000181,11,7,1,1);
INSERT INTO marks VALUES(1203,11,2024,2,6223,5824,4646,79.76999999999999603,6.733999999999999986,2.334000000000000074,0,0,5824,4646);
INSERT INTO marks VALUES(1204,12,2024,2,624,558,546,97.8499999999999944,8.321999999999999175,1.415999999999999926,186,182,372,364);
INSERT INTO marks VALUES(1205,37,2024,2,575,504,446,88.48999999999999489,7.23899999999999988,1.895999999999999908,4,3,500,443);
INSERT INTO marks VALUES(1206,38,2024,2,175,130,113,86.9200000000000017,6.483999999999999986,1.735999999999999988,0,0,130,113);
INSERT INTO marks VALUES(1207,13,2024,2,6450,5433,4643,85.45999999999999374,6.642000000000000348,1.800999999999999935,0,0,5433,4643);
INSERT INTO marks VALUES(1208,14,2024,2,1475,1402,1139,81.23999999999999489,6.937000000000000277,2.36299999999999999,0,0,1402,1139);
INSERT INTO marks VALUES(1209,15,2024,2,1945,1543,1152,74.65999999999999659,6.032000000000000028,2.233999999999999986,0,0,1543,1152);
INSERT INTO marks VALUES(1210,17,2024,2,12180,11194,9700,86.65000000000000569,6.81700000000000017,1.917000000000000037,9478,8379,1716,1321);
INSERT INTO marks VALUES(1211,18,2024,2,75,59,49,83.04999999999999716,6.169999999999999929,2.162999999999999811,0,0,59,49);
INSERT INTO marks VALUES(1212,19,2024,2,24561,24354,22007,90.35999999999999944,7.397999999999999688,1.73799999999999999,24242,21904,112,103);
INSERT INTO marks VALUES(1213,20,2024,2,32,24,21,87.5,7.823000000000000397,2.088999999999999969,0,0,24,21);
INSERT INTO marks VALUES(1214,21,2024,2,2681,2649,1914,72.25,6.139999999999999681,2.209999999999999965,2554,1854,95,60);
INSERT INTO marks VALUES(1215,39,2024,2,71,58,56,96.5499999999999972,7.94000000000000039,1.455999999999999961,0,0,58,56);
INSERT INTO marks VALUES(1216,25,2024,2,11275,10887,6967,63.99000000000000198,5.801000000000000156,2.588999999999999969,8952,5684,1935,1283);
INSERT INTO marks VALUES(1217,24,2024,2,14038,13794,9852,71.4200000000000017,5.98899999999999988,2.169000000000000039,11614,8398,2180,1454);
INSERT INTO marks VALUES(1218,27,2024,2,9337,8838,6954,78.68000000000000683,6.453999999999999738,2.146999999999999797,0,0,8838,6954);
INSERT INTO marks VALUES(1219,40,2024,2,830,603,453,75.12000000000000454,6.163000000000000255,2.039000000000000146,0,0,603,453);
INSERT INTO marks VALUES(1220,28,2024,2,540,492,473,96.1400000000000005,7.733999999999999986,1.540000000000000035,0,0,492,473);
CREATE TABLE high_school_types(
    id INTEGER PRIMARY KEY,
    type TEXT NOT NULL UNIQUE
);
INSERT INTO high_school_types VALUES(0,'público');
INSERT INTO high_school_types VALUES(1,'privado-concertado');
INSERT INTO high_school_types VALUES(2,'privado');
CREATE TABLE provinces(
    id INTEGER PRIMARY KEY,
    name TEXT NOT NULL UNIQUE,
    provincial_capital INTEGER,

    FOREIGN KEY (provincial_capital) REFERENCES municipalities(id)
);
INSERT INTO provinces VALUES(1,'valencia',526);
INSERT INTO provinces VALUES(2,'castellón',177);
INSERT INTO provinces VALUES(3,'alicante',14);
CREATE TABLE high_school_marks(
    id INTEGER PRIMARY KEY,
    high_school_id INTEGER NOT NULL,
    year INTEGER NOT NULL,
    call INTEGER NOT NULL,

    enrolled_total INTEGER NOT NULL,
    candidates INTEGER NOT NULL,
    pass INTEGER NOT NULL,
    pass_percentatge REAL NOT NULL,

    average_bach REAL NOT NULL,
    standard_dev_bach REAL NOT NULL,


    average_compulsory_pau REAL NOT NULL,
    standard_dev_pau REAL NOT NULL,

    diference_average_bach_pau REAL NOT NULL,

    FOREIGN KEY (high_school_id) REFERENCES high_schools(id)

);
CREATE TABLE municipalities(
    id INTEGER PRIMARY KEY,
    ine_code TEXT NOT NULL UNIQUE,
    name TEXT NOT NULL UNIQUE,
    other_names TEXT,
    region INTEGER,
    province INTEGER,

    FOREIGN KEY(region) REFERENCES regions(id),
    FOREIGN KEY(province) REFERENCES provinces(id)
);
INSERT INTO municipalities VALUES(1,'03001','atzúbia, l''','atzúbia, l''',1,3);
INSERT INTO municipalities VALUES(2,'03002','agost','agost',2,3);
INSERT INTO municipalities VALUES(3,'03003','agres','agres',3,3);
INSERT INTO municipalities VALUES(4,'03004','aigües','aigües',2,3);
INSERT INTO municipalities VALUES(5,'03005','albatera','albatera',4,3);
INSERT INTO municipalities VALUES(6,'03006','alcalalí','alcalalí',1,3);
INSERT INTO municipalities VALUES(7,'03007','alcosser','alcosser',3,3);
INSERT INTO municipalities VALUES(8,'03008','alcoleja','alcoleja',3,3);
INSERT INTO municipalities VALUES(9,'03009','alcoy','alcoi/alcoy',5,3);
INSERT INTO municipalities VALUES(10,'03010','alfafara','alfafara',3,3);
INSERT INTO municipalities VALUES(11,'03011','alfàs del pi, l''','alfàs del pi, l''',6,3);
INSERT INTO municipalities VALUES(12,'03012','algorfa','algorfa',4,3);
INSERT INTO municipalities VALUES(13,'03013','algueña','algueña',7,3);
INSERT INTO municipalities VALUES(14,'03014','alicante','alacant/alicante',2,3);
INSERT INTO municipalities VALUES(15,'03015','almoradí','almoradí',4,3);
INSERT INTO municipalities VALUES(16,'03016','almudaina','almudaina',3,3);
INSERT INTO municipalities VALUES(17,'03017','alqueria d''asnar, l''','alqueria d''asnar, l''',3,3);
INSERT INTO municipalities VALUES(18,'03018','altea','altea',6,3);
INSERT INTO municipalities VALUES(19,'03019','aspe','aspe',7,3);
INSERT INTO municipalities VALUES(20,'03020','balones','balones',3,3);
INSERT INTO municipalities VALUES(21,'03021','banyeres de mariola','banyeres de mariola',5,3);
INSERT INTO municipalities VALUES(22,'03022','benasau','benasau',3,3);
INSERT INTO municipalities VALUES(23,'03023','beneixama','beneixama',8,3);
INSERT INTO municipalities VALUES(24,'03024','benejúzar','benejúzar',4,3);
INSERT INTO municipalities VALUES(25,'03025','benferri','benferri',4,3);
INSERT INTO municipalities VALUES(26,'03026','beniarbeig','beniarbeig',1,3);
INSERT INTO municipalities VALUES(27,'03027','beniardà','beniardà',6,3);
INSERT INTO municipalities VALUES(28,'03028','beniarrés','beniarrés',3,3);
INSERT INTO municipalities VALUES(29,'03029','benigembla','benigembla',1,3);
INSERT INTO municipalities VALUES(30,'03030','benidoleig','benidoleig',1,3);
INSERT INTO municipalities VALUES(31,'03031','benidorm','benidorm',6,3);
INSERT INTO municipalities VALUES(32,'03032','benifallim','benifallim',5,3);
INSERT INTO municipalities VALUES(33,'03033','benifato','benifato',6,3);
INSERT INTO municipalities VALUES(34,'03034','benijófar','benijófar',4,3);
INSERT INTO municipalities VALUES(35,'03035','benilloba','benilloba',3,3);
INSERT INTO municipalities VALUES(36,'03036','benillup','benillup',3,3);
INSERT INTO municipalities VALUES(37,'03037','benimantell','benimantell',6,3);
INSERT INTO municipalities VALUES(38,'03038','benimarfull','benimarfull',3,3);
INSERT INTO municipalities VALUES(39,'03039','benimassot','benimassot',3,3);
INSERT INTO municipalities VALUES(40,'03040','benimeli','benimeli',1,3);
INSERT INTO municipalities VALUES(41,'03041','benissa','benissa',1,3);
INSERT INTO municipalities VALUES(42,'03042','benitachell','poble nou de benitatxell, el/benitachell',1,3);
INSERT INTO municipalities VALUES(43,'03043','biar','biar',8,3);
INSERT INTO municipalities VALUES(44,'03044','bigastro','bigastro',4,3);
INSERT INTO municipalities VALUES(45,'03045','bolulla','bolulla',6,3);
INSERT INTO municipalities VALUES(46,'03046','busot','busot',2,3);
INSERT INTO municipalities VALUES(47,'03047','calp','calp',1,3);
INSERT INTO municipalities VALUES(48,'03048','callosa d''en sarrià','callosa d''en sarrià',6,3);
INSERT INTO municipalities VALUES(49,'03049','callosa de segura','callosa de segura',4,3);
INSERT INTO municipalities VALUES(50,'03050','campello, el','campello, el',2,3);
INSERT INTO municipalities VALUES(51,'03051','campo de mirra','camp de mirra, el/campo de mirra',8,3);
INSERT INTO municipalities VALUES(52,'03052','cañada','cañada',8,3);
INSERT INTO municipalities VALUES(53,'03053','castalla','castalla',5,3);
INSERT INTO municipalities VALUES(54,'03054','castell de castells','castell de castells',1,3);
INSERT INTO municipalities VALUES(55,'03055','catral','catral',4,3);
INSERT INTO municipalities VALUES(56,'03056','cocentaina','cocentaina',3,3);
INSERT INTO municipalities VALUES(57,'03057','confrides','confrides',6,3);
INSERT INTO municipalities VALUES(58,'03058','cox','cox',4,3);
INSERT INTO municipalities VALUES(59,'03059','crevillent','crevillent',9,3);
INSERT INTO municipalities VALUES(60,'03060','quatretondeta','quatretondeta',3,3);
INSERT INTO municipalities VALUES(61,'03061','daya nueva','daya nueva',4,3);
INSERT INTO municipalities VALUES(62,'03062','daya vieja','daya vieja',4,3);
INSERT INTO municipalities VALUES(63,'03063','dénia','dénia',1,3);
INSERT INTO municipalities VALUES(64,'03064','dolores','dolores',4,3);
INSERT INTO municipalities VALUES(65,'03065','elche','elx/elche',9,3);
INSERT INTO municipalities VALUES(66,'03066','elda','elda',7,3);
INSERT INTO municipalities VALUES(67,'03067','fageca','fageca',3,3);
INSERT INTO municipalities VALUES(68,'03068','famorca','famorca',3,3);
INSERT INTO municipalities VALUES(69,'03069','finestrat','finestrat',6,3);
INSERT INTO municipalities VALUES(70,'03070','formentera del segura','formentera del segura',4,3);
INSERT INTO municipalities VALUES(71,'03071','gata de gorgos','gata de gorgos',1,3);
INSERT INTO municipalities VALUES(72,'03072','gaianes','gaianes',3,3);
INSERT INTO municipalities VALUES(73,'03073','gorga','gorga',3,3);
INSERT INTO municipalities VALUES(74,'03074','granja de rocamora','granja de rocamora',4,3);
INSERT INTO municipalities VALUES(75,'03075','castell de guadalest, el','castell de guadalest, el',6,3);
INSERT INTO municipalities VALUES(76,'03076','guardamar del segura','guardamar del segura',4,3);
INSERT INTO municipalities VALUES(77,'03077','hondón de las nieves','fondó de les neus, el/hondón de las nieves',7,3);
INSERT INTO municipalities VALUES(78,'03078','hondón de los frailes','hondón de los frailes',7,3);
INSERT INTO municipalities VALUES(79,'03079','ibi','ibi',5,3);
INSERT INTO municipalities VALUES(80,'03080','jacarilla','jacarilla',4,3);
INSERT INTO municipalities VALUES(81,'03081','xaló','xaló',1,3);
INSERT INTO municipalities VALUES(82,'03082','jávea','xàbia/jávea',1,3);
INSERT INTO municipalities VALUES(83,'03083','jijona','xixona/jijona',2,3);
INSERT INTO municipalities VALUES(84,'03084','lorcha','orxa, l''/lorcha',3,3);
INSERT INTO municipalities VALUES(85,'03085','llíber','llíber',1,3);
INSERT INTO municipalities VALUES(86,'03086','millena','millena',3,3);
INSERT INTO municipalities VALUES(87,'03088','monforte del cid','monforte del cid',7,3);
INSERT INTO municipalities VALUES(88,'03089','monóvar','monòver/monóvar',7,3);
INSERT INTO municipalities VALUES(89,'03090','mutxamel','mutxamel',2,3);
INSERT INTO municipalities VALUES(90,'03091','murla','murla',1,3);
INSERT INTO municipalities VALUES(91,'03092','muro de alcoy','muro de alcoy',3,3);
INSERT INTO municipalities VALUES(92,'03093','novelda','novelda',7,3);
INSERT INTO municipalities VALUES(93,'03094','nucia, la','nucia, la',6,3);
INSERT INTO municipalities VALUES(94,'03095','ondara','ondara',1,3);
INSERT INTO municipalities VALUES(95,'03096','onil','onil',5,3);
INSERT INTO municipalities VALUES(96,'03097','orba','orba',1,3);
INSERT INTO municipalities VALUES(97,'03098','orxeta','orxeta',6,3);
INSERT INTO municipalities VALUES(98,'03099','orihuela','orihuela',4,3);
INSERT INTO municipalities VALUES(99,'03100','parcent','parcent',1,3);
INSERT INTO municipalities VALUES(100,'03101','pedreguer','pedreguer',1,3);
INSERT INTO municipalities VALUES(101,'03102','pego','pego',1,3);
INSERT INTO municipalities VALUES(102,'03103','penàguila','penàguila',5,3);
INSERT INTO municipalities VALUES(103,'03104','petrer','petrer',7,3);
INSERT INTO municipalities VALUES(104,'03105','pinoso','pinós, el/pinoso',7,3);
INSERT INTO municipalities VALUES(105,'03106','planes','planes',3,3);
INSERT INTO municipalities VALUES(106,'03107','polop','polop',6,3);
INSERT INTO municipalities VALUES(107,'03109','rafal','rafal',4,3);
INSERT INTO municipalities VALUES(108,'03110','ràfol d''almúnia, el','ràfol d''almúnia, el',1,3);
INSERT INTO municipalities VALUES(109,'03111','redován','redován',4,3);
INSERT INTO municipalities VALUES(110,'03112','relleu','relleu',6,3);
INSERT INTO municipalities VALUES(111,'03113','rojales','rojales',4,3);
INSERT INTO municipalities VALUES(112,'03114','romana, la','romana, la',7,3);
INSERT INTO municipalities VALUES(113,'03115','sagra','sagra',1,3);
INSERT INTO municipalities VALUES(114,'03116','salinas','salinas',8,3);
INSERT INTO municipalities VALUES(115,'03117','sanet y negrals','sanet y negrals',1,3);
INSERT INTO municipalities VALUES(116,'03118','san fulgencio','san fulgencio',4,3);
INSERT INTO municipalities VALUES(117,'03119','sant joan d''alacant','sant joan d''alacant',2,3);
INSERT INTO municipalities VALUES(118,'03120','san miguel de salinas','san miguel de salinas',4,3);
INSERT INTO municipalities VALUES(119,'03121','santa pola','santa pola',9,3);
INSERT INTO municipalities VALUES(120,'03122','san vicente del raspeig','sant vicent del raspeig/san vicente del raspeig',2,3);
INSERT INTO municipalities VALUES(121,'03123','sax','sax',8,3);
INSERT INTO municipalities VALUES(122,'03124','sella','sella',6,3);
INSERT INTO municipalities VALUES(123,'03125','senija','senija',1,3);
INSERT INTO municipalities VALUES(124,'03127','tàrbena','tàrbena',6,3);
INSERT INTO municipalities VALUES(125,'03128','teulada','teulada',1,3);
INSERT INTO municipalities VALUES(126,'03129','tibi','tibi',5,3);
INSERT INTO municipalities VALUES(127,'03130','tollos','tollos',3,3);
INSERT INTO municipalities VALUES(128,'03131','tormos','tormos',1,3);
INSERT INTO municipalities VALUES(129,'03132','torremanzanas','torre de les maçanes, la/torremanzanas',2,3);
INSERT INTO municipalities VALUES(130,'03133','torrevieja','torrevieja',4,3);
INSERT INTO municipalities VALUES(131,'03134','vall d''alcalà, la','vall d''alcalà, la',1,3);
INSERT INTO municipalities VALUES(132,'03135','vall d''ebo, la','vall d''ebo, la',1,3);
INSERT INTO municipalities VALUES(133,'03136','vall de gallinera, la','vall de gallinera, la',1,3);
INSERT INTO municipalities VALUES(134,'03137','vall de laguar, la','vall de laguar, la',1,3);
INSERT INTO municipalities VALUES(135,'03138','verger, el','verger, el',1,3);
INSERT INTO municipalities VALUES(136,'03139','villajoyosa','vila joiosa, la/villajoyosa',6,3);
INSERT INTO municipalities VALUES(137,'03140','villena','villena',8,3);
INSERT INTO municipalities VALUES(138,'03901','poblets, els','poblets, els',1,3);
INSERT INTO municipalities VALUES(139,'03902','pilar de la horadada','pilar de la horadada',4,3);
INSERT INTO municipalities VALUES(140,'03903','montesinos, los','montesinos, los',4,3);
INSERT INTO municipalities VALUES(141,'03904','san isidro','san isidro',4,3);
INSERT INTO municipalities VALUES(142,'12001','atzeneta del maestrat','atzeneta del maestrat',10,2);
INSERT INTO municipalities VALUES(143,'12002','aín','aín',11,2);
INSERT INTO municipalities VALUES(144,'12003','albocàsser','albocàsser',10,2);
INSERT INTO municipalities VALUES(145,'12004','alcalà de xivert','alcalà de xivert',12,2);
INSERT INTO municipalities VALUES(146,'12005','alcora, l''','alcora, l''',13,2);
INSERT INTO municipalities VALUES(147,'12006','alcudia de veo','alcudia de veo',11,2);
INSERT INTO municipalities VALUES(148,'12007','alfondeguilla','alfondeguilla',11,2);
INSERT INTO municipalities VALUES(149,'12008','algimia de almonacid','algimia de almonacid',14,2);
INSERT INTO municipalities VALUES(150,'12009','almassora','almassora',15,2);
INSERT INTO municipalities VALUES(151,'12010','almedíjar','almedíjar',14,2);
INSERT INTO municipalities VALUES(152,'12011','almenara','almenara',11,2);
INSERT INTO municipalities VALUES(153,'12012','altura','altura',14,2);
INSERT INTO municipalities VALUES(154,'12013','arañuel','arañuel',16,2);
INSERT INTO municipalities VALUES(155,'12014','ares del maestrat','ares del maestrat',10,2);
INSERT INTO municipalities VALUES(156,'12015','argelita','argelita',16,2);
INSERT INTO municipalities VALUES(157,'12016','artana','artana',11,2);
INSERT INTO municipalities VALUES(158,'12017','ayódar','ayódar',16,2);
INSERT INTO municipalities VALUES(159,'12018','azuébar','azuébar',14,2);
INSERT INTO municipalities VALUES(160,'12020','barracas','barracas',14,2);
INSERT INTO municipalities VALUES(161,'12021','betxí','betxí',11,2);
INSERT INTO municipalities VALUES(162,'12022','bejís','bejís',14,2);
INSERT INTO municipalities VALUES(163,'12024','benafer','benafer',14,2);
INSERT INTO municipalities VALUES(164,'12025','benafigos','benafigos',10,2);
INSERT INTO municipalities VALUES(165,'12026','benassal','benassal',10,2);
INSERT INTO municipalities VALUES(166,'12027','benicarló','benicarló',12,2);
INSERT INTO municipalities VALUES(167,'12028','benicasim','benicàssim/benicasim',15,2);
INSERT INTO municipalities VALUES(168,'12029','benlloc','benlloc',15,2);
INSERT INTO municipalities VALUES(169,'12031','borriol','borriol',15,2);
INSERT INTO municipalities VALUES(170,'12032','burriana','borriana/burriana',11,2);
INSERT INTO municipalities VALUES(171,'12033','cabanes','cabanes',15,2);
INSERT INTO municipalities VALUES(172,'12034','càlig','càlig',12,2);
INSERT INTO municipalities VALUES(173,'12036','canet lo roig','canet lo roig',12,2);
INSERT INTO municipalities VALUES(174,'12037','castell de cabres','castell de cabres',12,2);
INSERT INTO municipalities VALUES(175,'12038','castellfort','castellfort',17,2);
INSERT INTO municipalities VALUES(176,'12039','castellnovo','castellnovo',14,2);
INSERT INTO municipalities VALUES(177,'12040','castelló de la plana','castelló de la plana',15,2);
INSERT INTO municipalities VALUES(178,'12041','castillo de villamalefa','castillo de villamalefa',16,2);
INSERT INTO municipalities VALUES(179,'12042','catí','catí',10,2);
INSERT INTO municipalities VALUES(180,'12043','caudiel','caudiel',14,2);
INSERT INTO municipalities VALUES(181,'12044','cervera del maestre','cervera del maestre',12,2);
INSERT INTO municipalities VALUES(182,'12045','cinctorres','cinctorres',17,2);
INSERT INTO municipalities VALUES(183,'12046','cirat','cirat',16,2);
INSERT INTO municipalities VALUES(184,'12048','cortes de arenoso','cortes de arenoso',16,2);
INSERT INTO municipalities VALUES(185,'12049','costur','costur',13,2);
INSERT INTO municipalities VALUES(186,'12050','coves de vinromà, les','coves de vinromà, les',15,2);
INSERT INTO municipalities VALUES(187,'12051','culla','culla',10,2);
INSERT INTO municipalities VALUES(188,'12052','xert','xert',12,2);
INSERT INTO municipalities VALUES(189,'12053','xilxes','chilches/xilxes',11,2);
INSERT INTO municipalities VALUES(190,'12055','chodos','xodos/chodos',13,2);
INSERT INTO municipalities VALUES(191,'12056','chóvar','chóvar',14,2);
INSERT INTO municipalities VALUES(192,'12057','eslida','eslida',11,2);
INSERT INTO municipalities VALUES(193,'12058','espadilla','espadilla',16,2);
INSERT INTO municipalities VALUES(194,'12059','fanzara','fanzara',16,2);
INSERT INTO municipalities VALUES(195,'12060','figueroles','figueroles',13,2);
INSERT INTO municipalities VALUES(196,'12061','forcall','forcall',17,2);
INSERT INTO municipalities VALUES(197,'12063','fuente la reina','fuente la reina',16,2);
INSERT INTO municipalities VALUES(198,'12064','fuentes de ayódar','fuentes de ayódar',16,2);
INSERT INTO municipalities VALUES(199,'12065','gaibiel','gaibiel',14,2);
INSERT INTO municipalities VALUES(200,'12067','geldo','geldo',14,2);
INSERT INTO municipalities VALUES(201,'12068','herbers','herbers',17,2);
INSERT INTO municipalities VALUES(202,'12069','higueras','higueras',14,2);
INSERT INTO municipalities VALUES(203,'12070','jana, la','jana, la',12,2);
INSERT INTO municipalities VALUES(204,'12071','jérica','jérica',14,2);
INSERT INTO municipalities VALUES(205,'12072','lucena del cid','llucena/lucena del cid',13,2);
INSERT INTO municipalities VALUES(206,'12073','ludiente','ludiente',16,2);
INSERT INTO municipalities VALUES(207,'12074','llosa, la','llosa, la',11,2);
INSERT INTO municipalities VALUES(208,'12075','mata de morella, la','mata de morella, la',17,2);
INSERT INTO municipalities VALUES(209,'12076','matet','matet',14,2);
INSERT INTO municipalities VALUES(210,'12077','moncofa','moncofa',11,2);
INSERT INTO municipalities VALUES(211,'12078','montán','montán',16,2);
INSERT INTO municipalities VALUES(212,'12079','montanejos','montanejos',16,2);
INSERT INTO municipalities VALUES(213,'12080','morella','morella',17,2);
INSERT INTO municipalities VALUES(214,'12081','navajas','navajas',14,2);
INSERT INTO municipalities VALUES(215,'12082','nules','nules',11,2);
INSERT INTO municipalities VALUES(216,'12083','olocau del rey','olocau del rey',17,2);
INSERT INTO municipalities VALUES(217,'12084','onda','onda',11,2);
INSERT INTO municipalities VALUES(218,'12085','oropesa del mar','orpesa/oropesa del mar',15,2);
INSERT INTO municipalities VALUES(219,'12087','palanques','palanques',17,2);
INSERT INTO municipalities VALUES(220,'12088','pavías','pavías',14,2);
INSERT INTO municipalities VALUES(221,'12089','peñíscola','peníscola/peñíscola',12,2);
INSERT INTO municipalities VALUES(222,'12090','pina de montalgrao','pina de montalgrao',14,2);
INSERT INTO municipalities VALUES(223,'12091','portell de morella','portell de morella',17,2);
INSERT INTO municipalities VALUES(224,'12092','puebla de arenoso','puebla de arenoso',16,2);
INSERT INTO municipalities VALUES(225,'12093','pobla de benifassà, la','pobla de benifassà, la',12,2);
INSERT INTO municipalities VALUES(226,'12094','pobla tornesa, la','pobla tornesa, la',15,2);
INSERT INTO municipalities VALUES(227,'12095','ribesalbes','ribesalbes',11,2);
INSERT INTO municipalities VALUES(228,'12096','rossell','rossell',12,2);
INSERT INTO municipalities VALUES(229,'12097','sacañet','sacañet',14,2);
INSERT INTO municipalities VALUES(230,'12098','salzadella, la','salzadella, la',12,2);
INSERT INTO municipalities VALUES(231,'12099','san jorge','sant jordi/san jorge',12,2);
INSERT INTO municipalities VALUES(232,'12100','sant mateu','sant mateu',12,2);
INSERT INTO municipalities VALUES(233,'12101','san rafael del río','san rafael del río',12,2);
INSERT INTO municipalities VALUES(234,'12102','santa magdalena de pulpis','santa magdalena de pulpis',12,2);
INSERT INTO municipalities VALUES(235,'12103','serratella, la','serratella, la',10,2);
INSERT INTO municipalities VALUES(236,'12104','segorbe','segorbe',14,2);
INSERT INTO municipalities VALUES(237,'12105','sierra engarcerán','sierra engarcerán',15,2);
INSERT INTO municipalities VALUES(238,'12106','soneja','soneja',14,2);
INSERT INTO municipalities VALUES(239,'12107','sot de ferrer','sot de ferrer',14,2);
INSERT INTO municipalities VALUES(240,'12108','sueras','suera/sueras',11,2);
INSERT INTO municipalities VALUES(241,'12109','tales','tales',11,2);
INSERT INTO municipalities VALUES(242,'12110','teresa','teresa',14,2);
INSERT INTO municipalities VALUES(243,'12111','tírig','tírig',10,2);
INSERT INTO municipalities VALUES(244,'12112','todolella','todolella',17,2);
INSERT INTO municipalities VALUES(245,'12113','toga','toga',16,2);
INSERT INTO municipalities VALUES(246,'12114','torás','torás',14,2);
INSERT INTO municipalities VALUES(247,'12115','toro, el','toro, el',14,2);
INSERT INTO municipalities VALUES(248,'12116','torralba del pinar','torralba del pinar',16,2);
INSERT INTO municipalities VALUES(249,'12117','torreblanca','torreblanca',15,2);
INSERT INTO municipalities VALUES(250,'12118','torrechiva','torrechiva',16,2);
INSERT INTO municipalities VALUES(251,'12119','torre d''en besora, la','torre d''en besora, la',10,2);
INSERT INTO municipalities VALUES(252,'12120','torre d''en doménec, la','torre d''en doménec, la',15,2);
INSERT INTO municipalities VALUES(253,'12121','traiguera','traiguera',12,2);
INSERT INTO municipalities VALUES(254,'12122','useras','useres, les/useras',13,2);
INSERT INTO municipalities VALUES(255,'12123','vallat','vallat',16,2);
INSERT INTO municipalities VALUES(256,'12124','vall d''alba','vall d''alba',15,2);
INSERT INTO municipalities VALUES(257,'12125','vall de almonacid','vall de almonacid',14,2);
INSERT INTO municipalities VALUES(258,'12126','vall d''uixó, la','vall d''uixó, la',11,2);
INSERT INTO municipalities VALUES(259,'12127','vallibona','vallibona',17,2);
INSERT INTO municipalities VALUES(260,'12128','vilafamés','vilafamés',15,2);
INSERT INTO municipalities VALUES(261,'12129','villafranca del cid','vilafranca/villafranca del cid',17,2);
INSERT INTO municipalities VALUES(262,'12130','villahermosa del río','villahermosa del río',16,2);
INSERT INTO municipalities VALUES(263,'12131','villamalur','villamalur',16,2);
INSERT INTO municipalities VALUES(264,'12132','vilanova d''alcolea','vilanova d''alcolea',15,2);
INSERT INTO municipalities VALUES(265,'12133','villanueva de viver','villanueva de viver',16,2);
INSERT INTO municipalities VALUES(266,'12134','vilar de canes','vilar de canes',10,2);
INSERT INTO municipalities VALUES(267,'12135','vila-real','vila-real',11,2);
INSERT INTO municipalities VALUES(268,'12136','vilavella, la','vilavella, la',11,2);
INSERT INTO municipalities VALUES(269,'12137','villores','villores',17,2);
INSERT INTO municipalities VALUES(270,'12138','vinaròs','vinaròs',12,2);
INSERT INTO municipalities VALUES(271,'12139','vistabella del maestrat','vistabella del maestrat',10,2);
INSERT INTO municipalities VALUES(272,'12140','viver','viver',14,2);
INSERT INTO municipalities VALUES(273,'12141','zorita del maestrazgo','zorita del maestrazgo',17,2);
INSERT INTO municipalities VALUES(274,'12142','zucaina','zucaina',16,2);
INSERT INTO municipalities VALUES(275,'12901','alquerías del niño perdido','alqueries, les/alquerías del niño perdido',11,2);
INSERT INTO municipalities VALUES(276,'12902','sant joan de moró','sant joan de moró',15,2);
INSERT INTO municipalities VALUES(277,'46001','ademuz','ademuz',18,1);
INSERT INTO municipalities VALUES(278,'46002','ador','ador',19,1);
INSERT INTO municipalities VALUES(279,'46003','atzeneta d''albaida','atzeneta d''albaida',20,1);
INSERT INTO municipalities VALUES(280,'46004','agullent','agullent',20,1);
INSERT INTO municipalities VALUES(281,'46005','alaquàs','alaquàs',21,1);
INSERT INTO municipalities VALUES(282,'46006','albaida','albaida',20,1);
INSERT INTO municipalities VALUES(283,'46007','albal','albal',21,1);
INSERT INTO municipalities VALUES(284,'46008','albalat de la ribera','albalat de la ribera',22,1);
INSERT INTO municipalities VALUES(285,'46009','albalat dels sorells','albalat dels sorells',23,1);
INSERT INTO municipalities VALUES(286,'46010','albalat dels tarongers','albalat dels tarongers',24,1);
INSERT INTO municipalities VALUES(287,'46011','alberic','alberic',25,1);
INSERT INTO municipalities VALUES(288,'46012','alborache','alborache',26,1);
INSERT INTO municipalities VALUES(289,'46013','alboraya','alboraia/alboraya',23,1);
INSERT INTO municipalities VALUES(290,'46014','albuixech','albuixech',23,1);
INSERT INTO municipalities VALUES(291,'46015','alcàsser','alcàsser',21,1);
INSERT INTO municipalities VALUES(292,'46016','alcàntera de xúquer','alcàntera de xúquer',25,1);
INSERT INTO municipalities VALUES(293,'46017','alzira','alzira',25,1);
INSERT INTO municipalities VALUES(294,'46018','alcublas','alcublas',27,1);
INSERT INTO municipalities VALUES(295,'46019','alcúdia, l''','alcúdia, l''',25,1);
INSERT INTO municipalities VALUES(296,'46020','alcúdia de crespins, l''','alcúdia de crespins, l''',28,1);
INSERT INTO municipalities VALUES(297,'46021','aldaia','aldaia',21,1);
INSERT INTO municipalities VALUES(298,'46022','alfafar','alfafar',21,1);
INSERT INTO municipalities VALUES(299,'46023','alfauir','alfauir',19,1);
INSERT INTO municipalities VALUES(300,'46024','alfara de la baronia','alfara de la baronia',24,1);
INSERT INTO municipalities VALUES(301,'46025','alfara del patriarca','alfara del patriarca',23,1);
INSERT INTO municipalities VALUES(302,'46026','alfarb','alfarb',25,1);
INSERT INTO municipalities VALUES(303,'46027','alfarrasí','alfarrasí',20,1);
INSERT INTO municipalities VALUES(304,'46028','algar de palància','algar de palància',24,1);
INSERT INTO municipalities VALUES(305,'46029','algemesí','algemesí',25,1);
INSERT INTO municipalities VALUES(306,'46030','algímia d''alfara','algímia d''alfara',24,1);
INSERT INTO municipalities VALUES(307,'46031','alginet','alginet',25,1);
INSERT INTO municipalities VALUES(308,'46032','almàssera','almàssera',23,1);
INSERT INTO municipalities VALUES(309,'46033','almiserà','almiserà',19,1);
INSERT INTO municipalities VALUES(310,'46034','almoines','almoines',19,1);
INSERT INTO municipalities VALUES(311,'46035','almussafes','almussafes',22,1);
INSERT INTO municipalities VALUES(312,'46036','alpuente','alpuente',27,1);
INSERT INTO municipalities VALUES(313,'46037','alqueria de la comtessa, l''','alqueria de la comtessa, l''',19,1);
INSERT INTO municipalities VALUES(314,'46038','andilla','andilla',27,1);
INSERT INTO municipalities VALUES(315,'46039','anna','anna',29,1);
INSERT INTO municipalities VALUES(316,'46040','antella','antella',25,1);
INSERT INTO municipalities VALUES(317,'46041','aras de los olmos','aras de los olmos',27,1);
INSERT INTO municipalities VALUES(318,'46042','aielo de malferit','aielo de malferit',20,1);
INSERT INTO municipalities VALUES(319,'46043','aielo de rugat','aielo de rugat',20,1);
INSERT INTO municipalities VALUES(320,'46044','ayora','ayora',30,1);
INSERT INTO municipalities VALUES(321,'46045','barxeta','barxeta',28,1);
INSERT INTO municipalities VALUES(322,'46046','barx','barx',19,1);
INSERT INTO municipalities VALUES(323,'46047','bèlgida','bèlgida',20,1);
INSERT INTO municipalities VALUES(324,'46048','bellreguard','bellreguard',19,1);
INSERT INTO municipalities VALUES(325,'46049','bellús','bellús',20,1);
INSERT INTO municipalities VALUES(326,'46050','benagéber','benagéber',27,1);
INSERT INTO municipalities VALUES(327,'46051','benaguasil','benaguasil',31,1);
INSERT INTO municipalities VALUES(328,'46052','benavites','benavites',24,1);
INSERT INTO municipalities VALUES(329,'46053','beneixida','beneixida',25,1);
INSERT INTO municipalities VALUES(330,'46054','benetússer','benetússer',21,1);
INSERT INTO municipalities VALUES(331,'46055','beniarjó','beniarjó',19,1);
INSERT INTO municipalities VALUES(332,'46056','beniatjar','beniatjar',20,1);
INSERT INTO municipalities VALUES(333,'46057','benicolet','benicolet',20,1);
INSERT INTO municipalities VALUES(334,'46058','benifairó de les valls','benifairó de les valls',24,1);
INSERT INTO municipalities VALUES(335,'46059','benifairó de la valldigna','benifairó de la valldigna',19,1);
INSERT INTO municipalities VALUES(336,'46060','benifaió','benifaió',25,1);
INSERT INTO municipalities VALUES(337,'46061','beniflá','beniflá',19,1);
INSERT INTO municipalities VALUES(338,'46062','benigànim','benigànim',20,1);
INSERT INTO municipalities VALUES(339,'46063','benimodo','benimodo',25,1);
INSERT INTO municipalities VALUES(340,'46064','benimuslem','benimuslem',25,1);
INSERT INTO municipalities VALUES(341,'46065','beniparrell','beniparrell',21,1);
INSERT INTO municipalities VALUES(342,'46066','benirredrà','benirredrà',19,1);
INSERT INTO municipalities VALUES(343,'46067','benissanó','benissanó',31,1);
INSERT INTO municipalities VALUES(344,'46068','benissoda','benissoda',20,1);
INSERT INTO municipalities VALUES(345,'46069','benissuera','benissuera',20,1);
INSERT INTO municipalities VALUES(346,'46070','bétera','bétera',31,1);
INSERT INTO municipalities VALUES(347,'46071','bicorp','bicorp',29,1);
INSERT INTO municipalities VALUES(348,'46072','bocairent','bocairent',20,1);
INSERT INTO municipalities VALUES(349,'46073','bolbaite','bolbaite',29,1);
INSERT INTO municipalities VALUES(350,'46074','bonrepòs i mirambell','bonrepòs i mirambell',23,1);
INSERT INTO municipalities VALUES(351,'46075','bufali','bufali',20,1);
INSERT INTO municipalities VALUES(352,'46076','bugarra','bugarra',27,1);
INSERT INTO municipalities VALUES(353,'46077','buñol','buñol',26,1);
INSERT INTO municipalities VALUES(354,'46078','burjassot','burjassot',23,1);
INSERT INTO municipalities VALUES(355,'46079','calles','calles',27,1);
INSERT INTO municipalities VALUES(356,'46080','camporrobles','camporrobles',32,1);
INSERT INTO municipalities VALUES(357,'46081','canals','canals',28,1);
INSERT INTO municipalities VALUES(358,'46082','canet d''en berenguer','canet d''en berenguer',24,1);
INSERT INTO municipalities VALUES(359,'46083','carcaixent','carcaixent',25,1);
INSERT INTO municipalities VALUES(360,'46084','càrcer','càrcer',25,1);
INSERT INTO municipalities VALUES(361,'46085','carlet','carlet',25,1);
INSERT INTO municipalities VALUES(362,'46086','carrícola','carrícola',20,1);
INSERT INTO municipalities VALUES(363,'46087','casas altas','casas altas',18,1);
INSERT INTO municipalities VALUES(364,'46088','casas bajas','casas bajas',18,1);
INSERT INTO municipalities VALUES(365,'46089','casinos','casinos',31,1);
INSERT INTO municipalities VALUES(366,'46090','castelló de rugat','castelló de rugat',20,1);
INSERT INTO municipalities VALUES(367,'46091','castellonet de la conquesta','castellonet de la conquesta',19,1);
INSERT INTO municipalities VALUES(368,'46092','castielfabib','castielfabib',18,1);
INSERT INTO municipalities VALUES(369,'46093','catadau','catadau',25,1);
INSERT INTO municipalities VALUES(370,'46094','catarroja','catarroja',21,1);
INSERT INTO municipalities VALUES(371,'46095','caudete de las fuentes','caudete de las fuentes',32,1);
INSERT INTO municipalities VALUES(372,'46096','cerdà','cerdà',28,1);
INSERT INTO municipalities VALUES(373,'46097','cofrentes','cofrentes',30,1);
INSERT INTO municipalities VALUES(374,'46098','corbera','corbera',22,1);
INSERT INTO municipalities VALUES(375,'46099','cortes de pallás','cortes de pallás',30,1);
INSERT INTO municipalities VALUES(376,'46100','cotes','cotes',25,1);
INSERT INTO municipalities VALUES(377,'46101','quart de les valls','quart de les valls',24,1);
INSERT INTO municipalities VALUES(378,'46102','quart de poblet','quart de poblet',21,1);
INSERT INTO municipalities VALUES(379,'46103','quartell','quartell',24,1);
INSERT INTO municipalities VALUES(380,'46104','quatretonda','quatretonda',20,1);
INSERT INTO municipalities VALUES(381,'46105','cullera','cullera',22,1);
INSERT INTO municipalities VALUES(382,'46106','chelva','chelva',27,1);
INSERT INTO municipalities VALUES(383,'46107','chella','chella',29,1);
INSERT INTO municipalities VALUES(384,'46108','chera','chera',32,1);
INSERT INTO municipalities VALUES(385,'46109','cheste','cheste',26,1);
INSERT INTO municipalities VALUES(386,'46110','xirivella','xirivella',21,1);
INSERT INTO municipalities VALUES(387,'46111','chiva','chiva',26,1);
INSERT INTO municipalities VALUES(388,'46112','chulilla','chulilla',27,1);
INSERT INTO municipalities VALUES(389,'46113','daimús','daimús',19,1);
INSERT INTO municipalities VALUES(390,'46114','domeño','domeño',27,1);
INSERT INTO municipalities VALUES(391,'46115','dos aguas','dos aguas',26,1);
INSERT INTO municipalities VALUES(392,'46116','eliana, l''','eliana, l''',31,1);
INSERT INTO municipalities VALUES(393,'46117','emperador','emperador',23,1);
INSERT INTO municipalities VALUES(394,'46118','enguera','enguera',29,1);
INSERT INTO municipalities VALUES(395,'46119','énova, l''','énova, l''',25,1);
INSERT INTO municipalities VALUES(396,'46120','estivella','estivella',24,1);
INSERT INTO municipalities VALUES(397,'46121','estubeny','estubeny',28,1);
INSERT INTO municipalities VALUES(398,'46122','faura','faura',24,1);
INSERT INTO municipalities VALUES(399,'46123','favara','favara',22,1);
INSERT INTO municipalities VALUES(400,'46124','fontanars dels alforins','fontanars dels alforins',20,1);
INSERT INTO municipalities VALUES(401,'46125','fortaleny','fortaleny',22,1);
INSERT INTO municipalities VALUES(402,'46126','foios','foios',23,1);
INSERT INTO municipalities VALUES(403,'46127','font d''en carròs, la','font d''en carròs, la',19,1);
INSERT INTO municipalities VALUES(404,'46128','font de la figuera, la','font de la figuera, la',28,1);
INSERT INTO municipalities VALUES(405,'46129','fuenterrobles','fuenterrobles',32,1);
INSERT INTO municipalities VALUES(406,'46130','gavarda','gavarda',25,1);
INSERT INTO municipalities VALUES(407,'46131','gandia','gandia',19,1);
INSERT INTO municipalities VALUES(408,'46132','genovés, el','genovés, el',28,1);
INSERT INTO municipalities VALUES(409,'46133','gestalgar','gestalgar',27,1);
INSERT INTO municipalities VALUES(410,'46134','gilet','gilet',24,1);
INSERT INTO municipalities VALUES(411,'46135','godella','godella',23,1);
INSERT INTO municipalities VALUES(412,'46136','godelleta','godelleta',26,1);
INSERT INTO municipalities VALUES(413,'46137','granja de la costera, la','granja de la costera, la',28,1);
INSERT INTO municipalities VALUES(414,'46138','guadasséquies','guadasséquies',20,1);
INSERT INTO municipalities VALUES(415,'46139','guadassuar','guadassuar',25,1);
INSERT INTO municipalities VALUES(416,'46140','guardamar de la safor','guardamar de la safor',19,1);
INSERT INTO municipalities VALUES(417,'46141','higueruelas','higueruelas',27,1);
INSERT INTO municipalities VALUES(418,'46142','jalance','jalance',30,1);
INSERT INTO municipalities VALUES(419,'46143','xeraco','xeraco',19,1);
INSERT INTO municipalities VALUES(420,'46144','jarafuel','jarafuel',30,1);
INSERT INTO municipalities VALUES(421,'46145','xàtiva','xàtiva',28,1);
INSERT INTO municipalities VALUES(422,'46146','xeresa','xeresa',19,1);
INSERT INTO municipalities VALUES(423,'46147','llíria','llíria',31,1);
INSERT INTO municipalities VALUES(424,'46148','loriguilla','loriguilla',31,1);
INSERT INTO municipalities VALUES(425,'46149','losa del obispo','losa del obispo',27,1);
INSERT INTO municipalities VALUES(426,'46150','llutxent','llutxent',20,1);
INSERT INTO municipalities VALUES(427,'46151','llocnou d''en fenollet','llocnou d''en fenollet',28,1);
INSERT INTO municipalities VALUES(428,'46152','llocnou de la corona','llocnou de la corona',21,1);
INSERT INTO municipalities VALUES(429,'46153','llocnou de sant jeroni','llocnou de sant jeroni',19,1);
INSERT INTO municipalities VALUES(430,'46154','llanera de ranes','llanera de ranes',28,1);
INSERT INTO municipalities VALUES(431,'46155','llaurí','llaurí',22,1);
INSERT INTO municipalities VALUES(432,'46156','llombai','llombai',25,1);
INSERT INTO municipalities VALUES(433,'46157','llosa de ranes, la','llosa de ranes, la',28,1);
INSERT INTO municipalities VALUES(434,'46158','macastre','macastre',26,1);
INSERT INTO municipalities VALUES(435,'46159','manises','manises',21,1);
INSERT INTO municipalities VALUES(436,'46160','manuel','manuel',25,1);
INSERT INTO municipalities VALUES(437,'46161','marines','marines',31,1);
INSERT INTO municipalities VALUES(438,'46162','massalavés','massalavés',25,1);
INSERT INTO municipalities VALUES(439,'46163','massalfassar','massalfassar',23,1);
INSERT INTO municipalities VALUES(440,'46164','massamagrell','massamagrell',23,1);
INSERT INTO municipalities VALUES(441,'46165','massanassa','massanassa',21,1);
INSERT INTO municipalities VALUES(442,'46166','meliana','meliana',23,1);
INSERT INTO municipalities VALUES(443,'46167','millares','millares',29,1);
INSERT INTO municipalities VALUES(444,'46168','miramar','miramar',19,1);
INSERT INTO municipalities VALUES(445,'46169','mislata','mislata',21,1);
INSERT INTO municipalities VALUES(446,'46170','mogente','moixent/mogente',28,1);
INSERT INTO municipalities VALUES(447,'46171','moncada','moncada',23,1);
INSERT INTO municipalities VALUES(448,'46172','montserrat','montserrat',25,1);
INSERT INTO municipalities VALUES(449,'46173','montaverner','montaverner',20,1);
INSERT INTO municipalities VALUES(450,'46174','montesa','montesa',28,1);
INSERT INTO municipalities VALUES(451,'46175','montichelvo','montitxelvo/montichelvo',20,1);
INSERT INTO municipalities VALUES(452,'46176','montroy','montroi/montroy',25,1);
INSERT INTO municipalities VALUES(453,'46177','museros','museros',23,1);
INSERT INTO municipalities VALUES(454,'46178','nàquera','nàquera/náquera',31,1);
INSERT INTO municipalities VALUES(455,'46179','navarrés','navarrés',29,1);
INSERT INTO municipalities VALUES(456,'46180','novetlè','novetlè',28,1);
INSERT INTO municipalities VALUES(457,'46181','oliva','oliva',19,1);
INSERT INTO municipalities VALUES(458,'46182','olocau','olocau',31,1);
INSERT INTO municipalities VALUES(459,'46183','olleria, l''','olleria, l''',20,1);
INSERT INTO municipalities VALUES(460,'46184','ontinyent','ontinyent',20,1);
INSERT INTO municipalities VALUES(461,'46185','otos','otos',20,1);
INSERT INTO municipalities VALUES(462,'46186','paiporta','paiporta',21,1);
INSERT INTO municipalities VALUES(463,'46187','palma de gandía','palma de gandía',19,1);
INSERT INTO municipalities VALUES(464,'46188','palmera','palmera',19,1);
INSERT INTO municipalities VALUES(465,'46189','palomar, el','palomar, el',20,1);
INSERT INTO municipalities VALUES(466,'46190','paterna','paterna',23,1);
INSERT INTO municipalities VALUES(467,'46191','pedralba','pedralba',27,1);
INSERT INTO municipalities VALUES(468,'46192','petrés','petrés',24,1);
INSERT INTO municipalities VALUES(469,'46193','picanya','picanya',21,1);
INSERT INTO municipalities VALUES(470,'46194','picassent','picassent',21,1);
INSERT INTO municipalities VALUES(471,'46195','piles','piles',19,1);
INSERT INTO municipalities VALUES(472,'46196','pinet','pinet',20,1);
INSERT INTO municipalities VALUES(473,'46197','polinyà de xúquer','polinyà de xúquer',22,1);
INSERT INTO municipalities VALUES(474,'46198','potries','potries',19,1);
INSERT INTO municipalities VALUES(475,'46199','pobla de farnals, la','pobla de farnals, la',23,1);
INSERT INTO municipalities VALUES(476,'46200','pobla del duc, la','pobla del duc, la',20,1);
INSERT INTO municipalities VALUES(477,'46201','puebla de san miguel','puebla de san miguel',18,1);
INSERT INTO municipalities VALUES(478,'46202','pobla de vallbona, la','pobla de vallbona, la',31,1);
INSERT INTO municipalities VALUES(479,'46203','pobla llarga, la','pobla llarga, la',25,1);
INSERT INTO municipalities VALUES(480,'46204','puig de santa maria, el','puig de santa maria, el',23,1);
INSERT INTO municipalities VALUES(481,'46205','puçol','puçol',23,1);
INSERT INTO municipalities VALUES(482,'46206','quesa','quesa',29,1);
INSERT INTO municipalities VALUES(483,'46207','rafelbunyol','rafelbunyol',23,1);
INSERT INTO municipalities VALUES(484,'46208','rafelcofer','rafelcofer',19,1);
INSERT INTO municipalities VALUES(485,'46209','rafelguaraf','rafelguaraf',25,1);
INSERT INTO municipalities VALUES(486,'46210','ráfol de salem','ráfol de salem',20,1);
INSERT INTO municipalities VALUES(487,'46211','real de gandia, el','real de gandia, el',19,1);
INSERT INTO municipalities VALUES(488,'46212','real','real',25,1);
INSERT INTO municipalities VALUES(489,'46213','requena','requena',32,1);
INSERT INTO municipalities VALUES(490,'46214','riba-roja de túria','riba-roja de túria',31,1);
INSERT INTO municipalities VALUES(491,'46215','riola','riola',22,1);
INSERT INTO municipalities VALUES(492,'46216','rocafort','rocafort',23,1);
INSERT INTO municipalities VALUES(493,'46217','rotglà i corberà','rotglà i corberà',28,1);
INSERT INTO municipalities VALUES(494,'46218','ròtova','ròtova',19,1);
INSERT INTO municipalities VALUES(495,'46219','rugat','rugat',20,1);
INSERT INTO municipalities VALUES(496,'46220','sagunto','sagunt/sagunto',24,1);
INSERT INTO municipalities VALUES(497,'46221','salem','salem',20,1);
INSERT INTO municipalities VALUES(498,'46222','sant joanet','sant joanet',25,1);
INSERT INTO municipalities VALUES(499,'46223','sedaví','sedaví',21,1);
INSERT INTO municipalities VALUES(500,'46224','segart','segart',24,1);
INSERT INTO municipalities VALUES(501,'46225','sellent','sellent',25,1);
INSERT INTO municipalities VALUES(502,'46226','sempere','sempere',20,1);
INSERT INTO municipalities VALUES(503,'46227','senyera','senyera',25,1);
INSERT INTO municipalities VALUES(504,'46228','serra','serra',31,1);
INSERT INTO municipalities VALUES(505,'46229','siete aguas','siete aguas',26,1);
INSERT INTO municipalities VALUES(506,'46230','silla','silla',21,1);
INSERT INTO municipalities VALUES(507,'46231','simat de la valldigna','simat de la valldigna',19,1);
INSERT INTO municipalities VALUES(508,'46232','sinarcas','sinarcas',32,1);
INSERT INTO municipalities VALUES(509,'46233','sollana','sollana',22,1);
INSERT INTO municipalities VALUES(510,'46234','sot de chera','sot de chera',27,1);
INSERT INTO municipalities VALUES(511,'46235','sueca','sueca',22,1);
INSERT INTO municipalities VALUES(512,'46236','sumacàrcer','sumacàrcer',25,1);
INSERT INTO municipalities VALUES(513,'46237','tavernes blanques','tavernes blanques',23,1);
INSERT INTO municipalities VALUES(514,'46238','tavernes de la valldigna','tavernes de la valldigna',19,1);
INSERT INTO municipalities VALUES(515,'46239','teresa de cofrentes','teresa de cofrentes',30,1);
INSERT INTO municipalities VALUES(516,'46240','terrateig','terrateig',20,1);
INSERT INTO municipalities VALUES(517,'46241','titaguas','titaguas',27,1);
INSERT INTO municipalities VALUES(518,'46242','torrebaja','torrebaja',18,1);
INSERT INTO municipalities VALUES(519,'46243','torrella','torrella',28,1);
INSERT INTO municipalities VALUES(520,'46244','torrent','torrent',21,1);
INSERT INTO municipalities VALUES(521,'46245','torres torres','torres torres',24,1);
INSERT INTO municipalities VALUES(522,'46246','tous','tous',25,1);
INSERT INTO municipalities VALUES(523,'46247','tuéjar','tuéjar',27,1);
INSERT INTO municipalities VALUES(524,'46248','turís','turís',25,1);
INSERT INTO municipalities VALUES(525,'46249','utiel','utiel',32,1);
INSERT INTO municipalities VALUES(526,'46250','valència','valència',33,1);
INSERT INTO municipalities VALUES(527,'46251','vallada','vallada',28,1);
INSERT INTO municipalities VALUES(528,'46252','vallanca','vallanca',18,1);
INSERT INTO municipalities VALUES(529,'46253','vallés','vallés',28,1);
INSERT INTO municipalities VALUES(530,'46254','venta del moro','venta del moro',32,1);
INSERT INTO municipalities VALUES(531,'46255','villalonga','vilallonga/villalonga',19,1);
INSERT INTO municipalities VALUES(532,'46256','vilamarxant','vilamarxant',31,1);
INSERT INTO municipalities VALUES(533,'46257','castelló','castelló',25,1);
INSERT INTO municipalities VALUES(534,'46258','villar del arzobispo','villar del arzobispo',27,1);
INSERT INTO municipalities VALUES(535,'46259','villargordo del cabriel','villargordo del cabriel',32,1);
INSERT INTO municipalities VALUES(536,'46260','vinalesa','vinalesa',23,1);
INSERT INTO municipalities VALUES(537,'46261','yátova','yátova',26,1);
INSERT INTO municipalities VALUES(538,'46262','yesa, la','yesa, la',27,1);
INSERT INTO municipalities VALUES(539,'46263','zarra','zarra',30,1);
INSERT INTO municipalities VALUES(540,'46902','gátova','gátova',31,1);
INSERT INTO municipalities VALUES(541,'46903','san antonio de benagéber','san antonio de benagéber',31,1);
INSERT INTO municipalities VALUES(542,'46904','benicull de xúquer','benicull de xúquer',22,1);
CREATE TABLE regions(
    id INTEGER PRIMARY KEY,
    name TEXT NOT NULL UNIQUE,
    province INTEGER,

    FOREIGN KEY (province) REFERENCES provinces(id)

);
INSERT INTO regions VALUES(1,'la marina alta',3);
INSERT INTO regions VALUES(2,'l''alacantí',3);
INSERT INTO regions VALUES(3,'el comtat',3);
INSERT INTO regions VALUES(4,'la vega baja',3);
INSERT INTO regions VALUES(5,'l''alcoià',3);
INSERT INTO regions VALUES(6,'la marina baixa',3);
INSERT INTO regions VALUES(7,'el vinalopó medio',3);
INSERT INTO regions VALUES(8,'alto vinalopó',3);
INSERT INTO regions VALUES(9,'el baix vinalopó',3);
INSERT INTO regions VALUES(10,'l''alt maestrat',2);
INSERT INTO regions VALUES(11,'la plana baixa',2);
INSERT INTO regions VALUES(12,'el baix maestrat',2);
INSERT INTO regions VALUES(13,'l''alcalatén',2);
INSERT INTO regions VALUES(14,'el alto palancia',2);
INSERT INTO regions VALUES(15,'la plana alta',2);
INSERT INTO regions VALUES(16,'el alto mijares',2);
INSERT INTO regions VALUES(17,'els ports',2);
INSERT INTO regions VALUES(18,'el rincón de ademuz',1);
INSERT INTO regions VALUES(19,'la safor',1);
INSERT INTO regions VALUES(20,'la vall d''albaida',1);
INSERT INTO regions VALUES(21,'l''horta sud',1);
INSERT INTO regions VALUES(22,'la ribera baixa',1);
INSERT INTO regions VALUES(23,'l''horta nord',1);
INSERT INTO regions VALUES(24,'el camp de morvedre',1);
INSERT INTO regions VALUES(25,'la ribera alta',1);
INSERT INTO regions VALUES(26,'la hoya de buñol',1);
INSERT INTO regions VALUES(27,'los serranos',1);
INSERT INTO regions VALUES(28,'la costera',1);
INSERT INTO regions VALUES(29,'la canal de navarrés',1);
INSERT INTO regions VALUES(30,'el valle de cofrentes-ayora',1);
INSERT INTO regions VALUES(31,'el camp de túria',1);
INSERT INTO regions VALUES(32,'la plana de utiel-requena',1);
INSERT INTO regions VALUES(33,'valència',1);
CREATE TABLE high_schools(

    id INTEGER PRIMARY KEY,
    code TEXT NOT NULL,
    name TEXT NOT NULL,
    type_id INTEGER,
    cif TEXT,
    
    address TEXT,
    postal_code TEXT,
    municipality_id INTEGER NOT NULL,
    latitude REAL,
    longitude REAL,


    
    email TEXT,
    phone_number TEXT,
    fax TEXT,

    website TEXT,
    
    owner TEXT,

    image BLOB,

    FOREIGN KEY (type_id) REFERENCES high_school_types(id),
    FOREIGN KEY (municipality_id) REFERENCES municipalities(id)

);
COMMIT;
